2;10110010;5;01000000;8;11011011
2;10110010;5;01000000;8;11011011
1;10110011;5;01000000;8;11011011
1;10110011;4;01100000;8;11011011
1;10110011;4;01100000;6;10011011
1;10110011;4;01100000;6;10011011
1;10110011;3;01100001;6;10011011
1;10110011;3;01100001;6;10011011
1;10110011;3;01100001;6;10011011
1;10110011;5;01100011;6;10011011
2;10010011;5;01100011;8;10011001
2;10010011;5;01100011;8;10011001
2;10010011;5;01100011;8;10011001
2;10010011;5;01100011;8;10011001
2;10010011;3;01110011;8;10011001
2;10010011;3;01110011;8;10011001
2;10010011;3;01110011;8;10011001
2;10010011;3;01110011;8;10011001
2;10010011;3;01110011;7;11011011
2;10010011;5;01110111;7;11011011
2;10010011;5;01110111;7;11011011
1;00000000;5;01110111;8;11111011
1;00000000;5;01110111;8;11111011
1;00000000;5;01110111;8;11111011
1;00000000;3;01110110;8;11111011
1;00000000;3;01110110;8;11111011
1;00000000;3;01110110;0;01111011
1;00000000;3;01110110;0;01111011
1;00000000;3;01110110;0;01111011
1;00000000;3;01110110;0;01111011
1;00000000;3;01110110;0;01111011
2;00101010;5;01010111;8;01101011
2;00101010;5;01010111;8;01101011
2;00101010;5;01010111;8;01101011
1;01101010;5;01010111;0;01101111
1;01101010;3;01010011;0;01101111
1;01101010;3;01010011;0;01101111
2;01101011;3;01010011;6;01101101
2;01101011;3;01010011;6;01101101
2;01101011;5;01000011;6;01101101
1;01001011;5;01000011;0;00101101
1;01001011;5;01000011;0;00101101
1;01001011;5;01000011;0;00101101
1;01001011;5;01000011;0;00101101
2;01001010;5;01000011;0;00101101
2;01001010;3;01001010;0;00101101
2;01001010;3;01001010;7;01111101
2;01001010;3;01001010;7;01111101
2;01001010;3;01001010;7;01111101
1;00001010;3;01001010;6;01101101
1;00001010;3;01001010;6;01101101
1;00001010;3;01001010;6;01101101
1;00001010;3;01001010;6;01101101
1;00001010;5;11001001;6;01101101
1;00001010;5;11001001;8;01001101
1;00001010;5;11001001;8;01001101
1;00001010;5;11001001;8;01001101
2;01001010;5;11001001;8;01001101
2;01001010;3;11011001;8;01001101
2;01001010;3;11011001;8;01001101
1;00001010;3;11011001;7;01001111
1;00001010;5;11011000;7;01001111
1;00001010;5;11011000;7;01001111
1;00001010;5;11011000;7;01001111
1;00001010;3;11111000;7;01001111
1;00001010;3;11111000;7;01001111
1;00001010;3;11111000;6;01000101
1;00001010;3;11111000;6;01000101
1;00001010;3;11111000;6;01000101
1;00001010;3;11111000;6;01000101
2;00101010;5;01011000;8;01001101
2;00101010;5;01011000;8;01001101
2;00101010;5;01011000;8;01001101
2;00101010;5;01011000;7;01001001
2;00101010;5;01011000;7;01001001
2;00101010;5;01011000;7;01001001
2;00101010;3;01010000;7;01001001
2;00101010;3;01010000;7;01001001
2;00101010;3;01010000;7;01001001
1;00100110;0;01010100;4;00000001
1;00100110;0;01010100;4;00000001
1;00100110;0;01010100;4;00000001
1;00100110;0;01010100;4;00000001
1;00100110;0;01010100;8;00001001
1;00100110;0;01010100;8;00001001
2;10110110;0;01010100;8;00001001
2;10110110;3;01000100;8;00001001
2;10110110;3;01000100;8;00001001
1;10110010;3;01000100;8;00001001
1;10110010;0;01010100;8;00001001
1;10110010;0;01010100;8;00001001
1;10110010;0;01010100;6;00001100
2;11110010;3;01000100;6;00001100
2;11110010;3;01000100;6;00001100
2;11110010;3;01000100;6;00001100
2;11110010;3;01000100;5;01001100
1;11010010;3;01000100;5;01001100
1;11010010;0;00000100;5;01001100
1;11010010;0;00000100;5;01001100
1;11010010;0;00000100;5;01001100
;;;;;
0;00101100;3;10001011;7;10111100
0;00101100;3;10001011;7;10111100
1;10101100;5;10001010;7;10111100
1;10101100;5;10001010;7;10111100
1;10101100;5;10001010;6;11111100
1;10101100;5;10001010;6;11111100
0;10100100;5;10001010;6;11111100
0;10100100;4;10000010;6;11111100
0;10100100;4;10000010;7;11111101
0;10100100;4;10000010;7;11111101
0;10100100;4;10000010;7;11111101
0;10100100;4;10000010;7;11111101
0;10100100;4;10000010;6;10111101
1;10101110;3;11010010;6;10111101
1;10101110;3;11010010;6;10111101
1;10101110;3;11010010;6;10111101
1;10101110;3;11010010;8;10111100
1;10101110;2;11011010;8;10111100
0;10001100;2;11011010;8;10111100
0;10001100;2;11011010;8;10111100
0;10001100;5;11011110;8;10111100
0;10001100;5;11011110;6;00011100
1;10001110;5;11011110;6;00011100
1;10001110;3;11111110;6;00011100
1;10001110;3;11111110;8;10011100
1;10001110;3;11111110;8;10011100
1;10001110;5;11111010;8;10011100
1;10001110;5;11111010;8;10011100
1;10001110;5;11111010;6;11011100
0;10001010;5;11111010;6;11011100
0;10001010;5;11111010;6;11011100
0;10001010;3;01111000;6;11011100
0;10001010;3;01111000;6;11011100
1;10001011;3;01111000;8;11011110
1;10001011;3;01111000;8;11011110
1;10001011;5;00111000;8;11011110
1;10001011;5;00111000;8;11011110
1;10001011;5;00111000;6;11111110
1;10001011;5;00111000;6;11111110
1;10001011;3;00111001;6;11111110
1;10001011;3;00111001;4;01111110
1;10001011;3;00111001;4;01111110
7;10001110;3;00111001;4;01111110
7;10001110;5;00111101;4;01111110
7;10001110;5;00111101;4;01111110
7;10001110;5;00111101;4;01111110
7;10001110;3;00111100;4;01111110
7;10001110;3;00111100;4;01111110
7;10001110;3;00111100;6;01011010
7;10001110;3;00111100;6;01011010
7;10001110;3;00111100;6;01011010
7;10001110;3;00111100;6;01011010
7;10001110;3;00111100;6;01011010
7;10001110;3;00111100;6;01011010
2;10010111;0;00101100;8;00011110
2;10010111;0;00101100;8;00011110
2;10010111;0;00101100;8;00011110
2;10010111;0;00101100;8;00011110
7;00010111;0;00101100;8;00011110
7;00010111;0;00101100;4;00001110
7;00010111;3;00100101;4;00001110
7;00010111;3;00100101;4;00001110
7;00010111;3;00100101;8;00101110
7;00010111;0;00100111;8;00101110
7;00010111;0;00100111;8;00101110
7;00010111;0;00100111;8;00101110
7;00010111;0;00100111;8;00101110
2;00011111;1;00110111;5;00101100
2;00011111;1;00110111;5;00101100
2;00011111;1;00110111;5;00101100
2;00011111;1;00110111;6;10101100
2;00011111;1;00110111;6;10101100
2;00011111;1;00110111;6;10101100
4;00111110;0;00110011;5;11101100
4;00111110;0;00110011;5;11101100
4;00111110;0;00110011;5;11101100
2;10111110;3;00110111;5;11101100
2;10111110;3;00110111;6;11101110
2;10111110;3;00110111;6;11101110
2;10111110;3;00110111;6;11101110
2;10111110;3;00110111;6;11101110
2;10111110;3;00110111;8;11101100
7;10111011;3;00110111;8;11101100
7;10111011;0;00100110;8;11101100
7;10111011;0;00100110;6;11101110
7;10111011;0;00100110;6;11101110
4;10011011;3;00101110;6;11101110
4;10011011;3;00101110;6;11101110
4;10011011;3;00101110;6;11101110
4;10011011;1;00111110;6;11101110
4;10011011;1;00111110;8;01101110
4;10011011;1;00111110;8;01101110
4;10011011;0;00111111;8;01101110
2;00010011;0;00111111;8;01101110
2;00010011;0;00111111;8;01101110
2;00010011;1;00111101;8;01101110
2;00010011;1;00111101;8;01101110
2;00010011;1;00111101;6;11111110
2;00010011;1;00111101;6;11111110
2;00010011;3;00111100;6;11111110
;;;;;
1;10101010;5;11111101;8;11100001
1;10101010;5;11111101;8;11100001
1;10101010;5;11111101;8;11100001
1;10101010;5;11111101;8;11100001
0;11101000;3;11110100;6;11100101
0;11101000;3;11110100;6;11100101
0;11101000;3;11110100;6;11100101
0;11101000;3;11110100;8;11110101
0;11101000;3;11110100;8;11110101
0;11101000;3;11110100;8;11110101
1;11101110;3;11110100;6;01110101
1;11101110;5;10110101;6;01110101
1;11101110;5;10110101;6;01110101
1;11101110;5;10110101;8;01110100
1;11101110;4;10110111;8;01110100
0;11111110;4;10110111;8;01110100
0;11111110;4;10110111;2;11110100
0;11111110;3;10110101;2;11110100
0;11111110;3;10110101;2;11110100
0;11111110;3;10110101;7;11110101
0;11111110;3;10110101;7;11110101
0;11111110;3;10110101;7;11110101
1;11111000;3;10110101;8;10110101
1;11111000;3;10110101;8;10110101
1;11111000;5;10111001;8;10110101
1;11111000;5;10111001;7;11110101
1;11111000;5;10111001;7;11110101
1;11111000;4;10011001;7;11110101
1;11111000;4;10011001;7;11110101
1;11111000;4;10011001;7;11110101
1;11111000;5;10011011;8;10110101
1;11111000;5;10011011;8;10110101
1;11111000;5;10011011;8;10110101
6;11010001;5;10011011;8;10110101
6;11010001;5;10011011;8;10110101
1;11010000;3;10111011;7;10110100
1;11010000;3;10111011;7;10110100
1;11010000;3;10111011;7;10110100
6;11010001;3;10111011;7;10110100
6;11010001;3;10111011;7;10110100
6;11010001;3;10111011;7;10110100
6;11010001;3;10111011;7;10110100
6;11010001;3;10111011;2;10110101
6;11010001;5;11001011;2;10110101
1;11000001;5;11001011;2;10110101
1;11000001;5;11001011;7;10110001
1;11000001;5;11001011;7;10110001
1;11000001;5;11001011;7;10110001
1;11000001;3;11001010;8;00110001
6;10000001;3;11001010;8;00110001
6;10000001;3;11001010;8;00110001
6;10000001;3;11001010;7;01110001
6;10000001;3;11001010;7;01110001
6;10000001;3;11001010;7;01110001
6;10000001;5;11000110;7;01110001
6;10000001;5;11000110;2;01111001
6;10000001;5;11000110;2;01111001
1;11010000;5;11000110;2;01111001
1;11010000;5;11000110;2;01111001
1;11010000;3;11100110;2;01111001
1;11010000;3;11100110;2;01111001
1;11010000;3;11100110;2;01111001
1;11010000;3;11100110;2;01111001
6;11010011;3;11100110;7;00011001
6;11010011;5;11100010;7;00011001
6;11010011;5;11100010;7;00011001
6;11010011;5;11100010;8;00011000
1;11110011;5;11100010;8;00011000
1;11110011;5;11100010;8;00011000
1;11110011;3;11100111;8;00011000
1;11110011;3;11100111;8;00011000
6;11111011;3;11100111;7;01010000
6;11111011;0;11100101;7;01010000
6;11111011;0;11100101;7;01010000
4;11110011;0;11100101;7;01010000
4;11110011;0;11100101;7;01010000
4;11110011;0;11100101;7;01010000
1;11100011;3;11000101;7;01010000
1;11100011;3;11000101;2;11010010
1;11100011;3;11000101;2;11010010
1;11100011;3;11000101;2;11010010
1;11100011;3;11000101;2;11010010
1;11100011;3;11000101;2;11010010
1;11100011;3;11000101;7;01010010
1;11100011;3;11000101;7;01010010
6;10000011;0;11100101;7;01010010
6;10000011;0;11100101;7;01010010
6;10000011;0;11100101;8;01010110
6;10000011;0;11100101;8;01010110
1;10100011;0;11100101;8;01010110
1;10100011;3;11100001;8;01010110
1;10100011;3;11100001;2;11010110
1;10100011;3;11100001;2;11010110
6;10100111;3;11100001;2;11010110
6;10100111;3;11100001;2;11010110
6;10100111;3;11100001;2;11010110
6;10100111;3;11100001;7;11000110
6;10100111;3;11100001;7;11000110
6;10100111;0;11000101;7;11000110
6;10100111;0;11000101;8;11000010
;;;;;
1;11000111;3;11100001;8;00001110
1;11000111;3;11100001;8;00001110
1;11000111;3;11100001;8;00001110
1;11000111;5;11000001;8;00001110
1;11000111;5;11000001;8;00001110
2;11010110;5;11000001;7;00001111
2;11010110;5;11000001;7;00001111
2;11010110;3;11000101;7;00001111
2;11010110;3;11000101;7;00001111
2;11010110;3;11000101;6;00001101
2;11010110;3;11000101;6;00001101
2;11010110;4;11000001;6;00001101
2;11010110;4;11000001;6;00001101
1;11011111;4;11000001;6;00001101
1;11011111;3;11000011;6;00001101
1;11011111;3;11000011;6;00001101
2;10011111;3;11000011;6;00001101
2;10011111;3;11000011;0;00001100
2;10011111;3;11000011;0;00001100
2;10011111;3;11000011;0;00001100
2;10011111;4;10001011;7;00001101
1;11011110;4;10001011;7;00001101
1;11011110;4;10001011;7;00001101
1;11011110;4;10001011;8;00001001
1;11011110;5;10001010;8;00001001
1;11011110;5;10001010;8;00001001
1;11011110;5;10001010;8;00001001
1;11011110;3;10000010;6;00101001
1;11011110;3;10000010;6;00101001
2;10010110;3;10000010;6;00101001
2;10010110;3;10000010;6;00101001
2;10010110;3;10000010;8;00100001
2;10010110;3;10000010;8;00100001
2;10010110;3;10000010;8;00100001
2;10010110;4;11000000;0;10100001
2;10010110;4;11000000;0;10100001
1;11010110;4;11000000;0;10100001
1;11010110;3;11000100;6;10000001
1;11010110;3;11000100;6;10000001
2;11000110;3;11000100;6;10000001
2;11000110;3;11000100;6;10000001
2;11000110;3;11000100;6;10000001
7;11000010;3;11000100;6;10000001
7;11000010;4;11010100;6;10000001
7;11000010;4;11010100;0;00100001
2;11000011;4;11010100;0;00100001
2;11000011;4;11010100;0;00100001
2;11000011;4;11010100;0;00100001
2;11000011;4;11010100;0;00100001
2;11000011;4;11010100;0;00100001
1;10000010;3;11000000;8;00100100
1;10000010;3;11000000;8;00100100
1;10000010;3;11000000;8;00100100
2;00000010;3;11000000;8;00100100
2;00000010;3;11000000;0;00100000
2;00000010;3;11000000;0;00100000
2;00000010;4;01000000;0;00100000
7;10000010;4;01000000;8;00100010
7;10000010;4;01000000;8;00100010
7;10000010;3;01000001;8;00100010
7;10000010;3;01000001;0;00100110
7;10000010;3;01000001;0;00100110
7;10000010;4;01001001;0;00100110
7;10000010;4;01001001;8;00110110
7;10000010;4;01001001;8;00110110
2;11100010;4;01001001;8;00110110
2;11100010;4;01001001;8;00110110
2;11100010;4;01001001;8;00110110
2;11100010;4;01001001;8;00110110
2;11100010;3;01000001;0;00110010
2;11100010;3;01000001;0;00110010
2;11100010;3;01000001;0;00110010
2;11100010;3;01000001;8;00111010
2;11100010;4;01000011;8;00111010
7;01101011;4;01000011;8;00111010
7;01101011;4;01000011;8;00111010
7;01101011;3;01000001;8;00111010
2;01101111;3;01000001;0;00101010
2;01101111;3;01000001;0;00101010
2;01101111;1;01010001;0;00101010
7;01100111;1;01010001;8;00001010
7;01100111;1;01010001;8;00001010
7;01100111;1;01010001;8;00001010
7;01100111;1;01010001;8;00001010
2;01000111;3;01010000;8;00001010
2;01000111;3;01010000;8;00001010
2;01000111;3;01010000;0;00001111
2;01000111;3;01010000;0;00001111
2;01000111;1;01010001;0;00001111
2;01000111;1;01010001;0;00001111
7;11000101;1;01010001;0;00001111
7;11000101;1;01010001;8;00001101
7;11000101;1;01010001;8;00001101
2;10000101;4;01010011;8;00001101
2;10000101;4;01010011;8;00001101
2;10000101;4;01010011;5;00011101
7;11000101;4;01010011;5;00011101
7;11000101;1;01010111;5;00011101
7;11000101;1;01010111;5;00011101
7;11000101;1;01010111;0;00011111
;;;;;
0;10101001;5;10011011;8;10100101
0;10101001;5;10011011;8;10100101
1;10101000;5;10011011;8;10100101
1;10101000;3;10011001;8;10100101
1;10101000;3;10011001;7;10110101
1;10101000;3;10011001;7;10110101
2;10101100;3;10011001;7;10110101
2;10101100;3;10011001;7;10110101
2;10101100;3;10011001;7;10110101
1;10100100;4;10111000;7;10110101
1;10100100;4;10111000;8;11110111
1;10100100;4;10111000;8;11110111
2;00100100;3;10111001;8;11110111
2;00100100;3;10111001;8;11110111
2;00100100;3;10111001;7;11010111
1;00110100;3;10111001;7;11010111
1;00110100;3;10111001;7;11010111
1;00110100;3;10111001;7;11010111
5;00110000;4;10111010;8;11110111
5;00110000;4;10111010;8;11110111
5;00110000;4;10111010;8;11110111
5;00110000;3;00111010;8;11110111
2;10110000;3;00111010;8;11110111
2;10110000;3;00111010;7;11110110
2;10110000;4;10111010;7;11110110
2;10110000;4;10111010;7;11110110
5;10010000;4;10111010;7;11110110
5;10010000;4;10111010;7;11110110
5;10010000;3;10111000;7;11110110
1;10110000;3;10111000;8;10110010
1;10110000;3;10111000;8;10110010
1;10110000;4;00111000;8;10110010
1;10110000;4;00111000;8;10110010
0;11110000;4;00111000;8;10110010
0;11110000;4;00111000;7;10110011
0;11110000;4;00111000;7;10110011
2;11100000;3;00111100;7;10110011
2;11100000;3;00111100;7;10110011
2;11100000;3;00111100;7;10110011
2;11100000;3;00111100;7;10110011
2;11100000;3;00111100;8;10110010
0;11000100;3;00111100;8;10110010
0;11000100;4;00110100;8;10110010
0;11000100;4;00110100;7;10100010
0;11000100;4;00110100;7;10100010
0;11000100;4;00110100;7;10100010
6;11000101;4;00110100;7;10100010
6;11000101;4;00110100;7;10100010
6;11000101;4;00110100;7;10100010
6;11000101;5;11000101;7;10100010
2;11001101;5;11000101;8;00100010
2;11001101;5;11000101;8;00100010
2;11001101;5;11000101;8;00100010
2;11001101;3;11000100;8;00100010
2;11001101;3;11000100;8;00100010
0;11101101;3;11000100;7;00110110
0;11101101;3;11000100;7;00110110
0;11101101;3;11000100;7;00110110
0;11101101;3;11000100;7;00110110
0;11101101;4;11101100;7;00110110
0;11101101;4;11101100;7;00110110
0;11101101;4;11101100;7;00110110
6;11101100;3;11101110;8;10100110
6;11101100;3;11101110;8;10100110
6;11101100;3;11101110;8;10100110
6;11101100;3;11101110;8;10100110
6;11101100;3;11101110;8;10100110
6;11101100;3;11101110;7;10110111
2;11110100;4;10111110;7;10110111
2;11110100;4;10111110;7;10110111
2;11110100;4;10111110;7;10110111
1;10110100;4;10111110;8;10110110
1;10110100;4;10111110;8;10110110
1;10110100;4;10111110;8;10110110
1;10110100;4;10111110;8;10110110
1;10110100;4;10111110;8;10110110
2;11110100;5;10010100;7;10110100
2;11110100;5;10010100;7;10110100
2;11110100;5;10010100;7;10110100
2;11110100;5;10010100;7;10110100
2;11110100;4;10011100;7;10110100
0;11110111;4;10011100;8;10111100
0;11110111;4;10011100;8;10111100
0;11110111;4;10011100;8;10111100
6;11110011;4;10011100;8;10111100
6;11110011;4;10011100;8;10111100
6;11110011;5;00011000;8;10111100
6;11110011;5;00011000;8;10111100
6;11110011;5;00011000;8;10111100
1;11010011;5;00011000;7;10101100
1;11010011;4;10011000;7;10101100
1;11010011;4;10011000;7;10101100
6;11010010;4;10011000;7;10101100
6;11010010;5;11011000;7;10101100
6;11010010;5;11011000;8;10101101
6;11010010;5;11011000;8;10101101
0;11010110;5;11011000;8;10101101
0;11010110;5;11011000;7;00101101
0;11010110;5;11011000;7;00101101
1;11010010;5;11011000;7;00101101
;;;;;
2;11011011;4;11011010;8;01011010
2;11011011;4;11011010;8;01011010
2;11011011;5;11011110;8;01011010
2;11011011;5;11011110;8;01011010
2;11011011;5;11011110;8;01011010
2;11011011;5;11011110;8;01011010
1;11010111;4;11111110;8;01011010
1;11010111;4;11111110;8;01011010
1;11010111;4;11111110;6;11101010
2;11011111;4;11111110;6;11101010
2;11011111;4;11111110;6;11101010
2;11011111;3;10111110;6;11101010
2;11011111;3;10111110;6;11101010
0;11011110;3;10111110;6;11101010
0;11011110;3;10111110;7;11100011
0;11011110;4;10110110;7;11100011
1;11011111;4;10110110;7;11100011
1;11011111;4;10110110;7;11100011
1;11011111;4;10110110;7;11100011
2;11011101;4;10110110;7;11100011
2;11011101;3;10111111;8;01100011
2;11011101;3;10111111;8;01100011
1;11011111;3;10111111;8;01100011
1;11011111;4;10110111;8;01100011
1;11011111;4;10110111;8;01100011
1;11011111;4;10110111;7;01110011
1;11011111;4;10110111;7;01110011
1;11011111;4;10110111;7;01110011
1;11011111;3;10110101;8;01100011
2;11011001;3;10110101;8;01100011
2;11011001;3;10110101;8;01100011
2;11011001;3;10110101;8;01100011
1;11011011;3;10110101;8;01100011
1;11011011;3;10110101;7;00100001
1;11011011;3;10110101;7;00100001
1;11011011;3;10110101;7;00100001
1;11011011;4;10101100;0;00101001
1;11011011;4;10101100;0;00101001
1;11011011;4;10101100;0;00101001
2;11000011;4;10101100;5;00001001
2;11000011;4;10101100;5;00001001
2;11000011;4;10101100;5;00001001
1;11001011;4;10101100;7;00000001
1;11001011;4;10101100;7;00000001
1;11001011;3;01101101;7;00000001
1;11001011;3;01101101;5;00000000
1;11001011;3;01101101;5;00000000
1;11001011;3;01101101;5;00000000
1;11001011;3;01101101;0;00001000
8;00000001;3;01101101;0;00001000
8;00000001;3;01101101;0;00001000
2;10000001;3;01101101;7;00001001
2;10000001;3;01101101;7;00001001
2;10000001;3;01101101;7;00001001
2;10000001;3;01101101;0;00101001
2;10000001;4;01101100;0;00101001
2;10000001;4;01101100;0;00101001
2;10000001;4;01101100;0;00101001
8;11000011;3;01001100;0;00101001
8;11000011;3;01001100;0;00101001
8;11000011;3;01001100;5;01101001
2;11000010;3;01001100;5;01101001
2;11000010;3;01001100;5;01101001
2;11000010;4;01001110;5;01101001
2;11000010;4;01001110;0;01101011
2;11000010;4;01001110;0;01101011
2;11000010;4;01001110;0;01101011
2;11000010;4;01001110;7;00101011
2;11000010;4;01001110;7;00101011
2;11000010;1;01000111;7;00101011
8;11101000;1;01000111;6;00101111
8;11101000;1;01000111;6;00101111
8;11101000;1;01000111;6;00101111
8;11101000;1;01000111;5;00101011
8;11101000;1;01000111;5;00101011
8;11101000;1;01000111;5;00101011
2;11011000;1;01000111;5;00101011
2;11011000;4;01011101;7;00101010
2;11011000;4;01011101;7;00101010
2;11011000;4;01011101;7;00101010
2;11011000;4;01011101;6;10101010
2;11011000;4;01011101;6;10101010
2;11011000;1;00011101;6;10101010
8;11101000;1;00011101;6;10101010
8;11101000;1;00011101;6;10101010
8;11101000;1;00011101;6;10101010
8;11101000;4;00001101;0;10111010
8;11101000;4;00001101;0;10111010
8;11101000;4;00001101;0;10111010
8;11101000;4;00001101;0;10111010
2;01101010;1;00011101;5;10011010
2;01101010;1;00011101;5;10011010
2;01101010;1;00011101;5;10011010
2;01101010;4;00001101;0;11011010
8;01101110;4;00001101;0;11011010
8;01101110;4;00001101;0;11011010
8;01101110;4;00001101;3;11011110
8;01101110;4;00001101;3;11011110
8;01101110;4;00001101;3;11011110
8;01101110;4;00001101;3;11011110
;;;;;
1;01111000;5;10000110;8;10000001
1;01111000;5;10000110;8;10000001
0;01110000;5;10000110;6;10000011
0;01110000;5;10000110;6;10000011
0;01110000;3;11001110;6;10000011
1;01110001;3;11001110;6;10000011
1;01110001;3;11001110;8;10100011
1;01110001;3;11001110;8;10100011
1;01110001;4;11101110;8;10100011
1;01110001;4;11101110;7;11100011
0;01100101;4;11101110;7;11100011
0;01100101;4;11101110;7;11100011
0;01100101;4;11101110;7;11100011
0;01100101;4;11101110;7;11100011
0;01100101;4;11101110;7;11100011
0;01100101;4;11101110;7;11100011
1;01101111;5;11101111;7;11100011
1;01101111;5;11101111;7;11100011
1;01101111;5;11101111;7;11100011
1;01101111;4;11100111;8;00100011
1;01101111;4;11100111;8;00100011
0;00101111;4;11100111;8;00100011
0;00101111;5;10100111;6;00110011
0;00101111;5;10100111;6;00110011
0;00101111;5;10100111;6;00110011
0;00101111;4;10101111;7;00110111
0;00101111;4;10101111;7;00110111
0;00101111;4;10101111;7;00110111
1;01101111;2;10001111;6;01110111
1;01101111;2;10001111;6;01110111
1;01101111;2;10001111;6;01110111
1;01101111;5;10001110;6;01110111
1;01101111;5;10001110;6;01110111
0;11001111;5;10001110;6;01110111
0;11001111;4;11001110;8;00110111
0;11001111;4;11001110;8;00110111
0;11001111;4;11001110;8;00110111
0;11001111;4;11001110;7;00111111
0;11001111;3;11001111;7;00111111
0;11001111;3;11001111;7;00111111
0;11001111;3;11001111;7;00111111
1;10001011;4;11101111;6;10111111
1;10001011;4;11101111;6;10111111
1;10001011;4;11101111;6;10111111
1;10001011;4;11101111;6;10111111
1;10001011;4;11101111;8;00111111
1;10001011;3;11100111;8;00111111
1;10001011;3;11100111;8;00111111
1;10001011;3;11100111;8;00111111
1;10001011;5;01100111;8;00111111
1;10001011;5;01100111;2;00111011
0;10011101;5;01100111;2;00111011
0;10011101;5;01100111;2;00111011
0;10011101;5;01100111;7;00110011
1;11011101;4;01000101;7;00110011
1;11011101;4;01000101;7;00110011
1;11011101;4;01000101;6;00111011
1;11011101;3;01100101;6;00111011
1;11011101;3;01100101;6;00111011
0;11001101;3;01100101;6;00111011
0;11001101;3;01100101;8;00111010
0;11001101;3;01100101;8;00111010
0;11001101;4;01110101;8;00111010
0;11001101;4;01110101;8;00111010
0;11001101;4;01110101;8;00111010
0;11001101;5;01110001;6;10111011
0;11001101;5;01110001;6;10111011
0;11001101;5;01110001;6;10111011
1;01111101;5;01110001;2;10011011
1;01111101;5;01110001;2;10011011
1;01111101;3;01111101;2;10011011
1;01111101;3;01111101;7;10010011
1;01111101;3;01111101;7;10010011
1;01111101;4;01011101;7;10010011
1;01111101;4;01011101;8;10000011
1;01111101;4;01011101;8;10000011
0;01100001;4;01011101;8;10000011
0;01100001;4;01011101;8;10000011
0;01100001;4;01011101;8;10000011
1;01110001;4;01011101;8;10000011
1;01110001;5;01001111;2;10000101
1;01110001;5;01001111;2;10000101
0;01110101;5;01001111;2;10000101
0;01110101;4;01101111;6;10100101
0;01110101;4;01101111;6;10100101
1;01110001;4;01101111;6;10100101
1;01110001;4;01101111;6;10100101
1;01110001;5;01001111;2;10100100
0;01111001;5;01001111;2;10100100
0;01111001;5;01001111;2;10100100
0;01111001;5;01001111;2;10100100
1;00111001;5;01001111;7;10110100
1;00111001;4;01000110;7;10110100
1;00111001;4;01000110;7;10110100
1;00111001;4;01000110;6;10110110
1;00111001;5;01000111;6;10110110
1;00111001;5;01000111;6;10110110
3;00111101;5;01000111;6;10110110
3;00111101;5;01000111;6;10110110
3;00111101;5;01000111;6;10110110
;;;;;
1;11011001;3;10101110;6;11001001
1;11011001;3;10101110;6;11001001
0;11111001;5;10101100;6;11001001
0;11111001;5;10101100;8;10001001
0;11111001;5;10101100;8;10001001
1;10111001;5;10101100;8;10001001
1;10111001;5;10101100;8;10001001
1;10111001;5;10101100;8;10001001
1;10111001;5;10101100;8;10001001
1;10111001;3;10111101;8;10001001
0;10110001;3;10111101;6;01001001
0;10110001;3;10111101;6;01001001
0;10110001;3;10111101;6;01001001
0;10110001;3;10111101;6;01001001
0;10110001;3;10111101;4;11001001
1;10100001;3;10111101;4;11001001
1;10100001;5;00101101;4;11001001
1;10100001;5;00101101;6;10001001
1;10100001;5;00101101;6;10001001
1;10100001;5;00101101;6;10001001
0;10000011;5;00101101;4;11001001
0;10000011;3;10101101;4;11001001
0;10000011;3;10101101;4;11001001
0;10000011;3;10101101;4;11001001
0;10000011;3;10101101;7;01001001
0;10000011;3;10101101;7;01001001
1;10000111;3;10101101;7;01001001
1;10000111;3;10101101;4;01000001
1;10000111;5;10100100;4;01000001
1;10000111;5;10100100;4;01000001
1;10000111;5;10100100;7;01000000
1;10000111;5;10100100;7;01000000
1;10000111;5;10100100;7;01000000
1;10000111;3;10110100;2;00000000
1;10000111;3;10110100;2;00000000
1;10000111;3;10110100;2;00000000
0;10110111;3;10110100;8;00100000
0;10110111;3;10110100;8;00100000
0;10110111;3;10110100;8;00100000
0;10110111;3;10110100;8;00100000
1;10110011;3;10110100;8;00100000
1;10110011;3;10110100;7;00110000
1;10110011;3;10110100;7;00110000
0;10110001;3;10110100;7;00110000
0;10110001;5;01110111;7;00110000
0;10110001;5;01110111;8;00110001
0;10110001;5;01110111;8;00110001
1;10110000;5;01110111;8;00110001
1;10110000;5;01110111;7;00100001
1;10110000;2;01110011;7;00100001
0;10100000;2;01110011;7;00100001
0;10100000;2;01110011;7;00100001
0;10100000;2;01110011;7;00100001
0;10100000;2;01110011;7;00100001
1;10110000;2;01110011;7;00100001
1;10110000;5;01100011;7;00100001
1;10110000;5;01100011;7;00100001
1;10110000;5;01100011;8;00101011
0;00110000;5;01100011;8;00101011
0;00110000;5;01100011;8;00101011
0;00110000;3;11100111;6;00111011
4;00110001;3;11100111;6;00111011
4;00110001;3;11100111;6;00111011
4;00110001;5;11100110;8;00101011
4;00110001;5;11100110;8;00101011
0;00010001;5;11100110;8;00101011
0;00010001;5;11100110;8;00101011
0;00010001;5;11100110;8;00101011
4;00010000;5;11100110;8;00101011
4;00010000;3;11100000;6;00100011
4;00010000;3;11100000;6;00100011
0;00011000;3;11100000;6;00100011
0;00011000;3;11100000;8;10100011
0;00011000;3;11100000;8;10100011
4;00111000;5;11100001;8;10100011
4;00111000;5;11100001;8;10100011
4;00111000;5;11100001;8;10100011
0;00011000;3;11100000;7;00100011
0;00011000;3;11100000;7;00100011
0;00011000;3;11100000;7;00100011
0;00011000;3;11100000;7;00100011
0;00011000;5;10100000;7;00100011
4;00010000;5;10100000;7;00100011
4;00010000;5;10100000;7;00100011
4;00010000;5;10100000;7;00100011
1;00110000;5;10100000;7;00100011
1;00110000;5;10100000;7;00100011
1;00110000;3;00100000;8;00000011
4;00100000;3;00100000;8;00000011
4;00100000;3;00100000;8;00000011
4;00100000;5;10100000;8;00000011
1;01100000;5;10100000;8;00000011
1;01100000;5;10100000;8;00000011
1;01100000;5;10100000;8;00000011
1;01100000;3;10000000;8;00000011
2;01110000;3;10000000;8;00000011
2;01110000;3;10000000;7;00000101
2;01110000;3;10000000;7;00000101
4;01110010;3;10000000;7;00000101
4;01110010;3;10000000;7;00000101
;;;;;
0;10111010;5;01110101;7;11000010
0;10111010;5;01110101;7;11000010
0;10111010;4;00110101;6;11000000
2;10011010;4;00110101;6;11000000
2;10011010;4;00110101;6;11000000
2;10011010;4;00110101;8;11010000
2;10011010;4;00110101;8;11010000
2;10011010;4;00110101;8;11010000
0;00010010;4;00110101;8;11010000
0;00010010;5;00111101;8;11010000
0;00010010;5;00111101;8;11010000
0;00010010;5;00111101;8;11010000
0;00010010;5;00111101;7;11011000
0;00010010;5;00111101;7;11011000
0;00010010;4;10101101;7;11011000
2;00110010;4;10101101;7;11011000
2;00110010;4;10101101;7;11011000
2;00110010;4;10101101;6;11011100
0;00110011;3;11101101;6;11011100
0;00110011;3;11101101;6;11011100
0;00110011;3;11101101;7;11011101
1;01110011;4;10101101;7;11011101
1;01110011;4;10101101;7;11011101
1;01110011;4;10101101;7;11011101
1;01110011;4;10101101;8;11011100
1;01110011;4;10101101;8;11011100
1;01110011;3;10101111;8;11011100
1;01110011;3;10101111;8;11011100
0;01110101;3;10101111;8;11011100
0;01110101;3;10101111;8;11011100
0;01110101;5;00101111;7;10010100
2;00110101;5;00101111;7;10010100
2;00110101;5;00101111;7;10010100
2;00110101;3;00101101;8;10010110
0;00110100;3;00101101;8;10010110
0;00110100;3;00101101;8;10010110
0;00110100;3;00101101;8;10010110
1;00100100;3;00101101;8;10010110
1;00100100;4;00101100;8;10010110
1;00100100;4;00101100;8;10010110
1;00100100;4;00101100;8;10010110
1;00100100;6;00101110;7;11110111
1;00100100;6;00101110;7;11110111
1;00100100;6;00101110;7;11110111
1;00100100;3;00001110;7;11110111
0;01100101;3;00001110;7;11110111
0;01100101;3;00001110;8;11110101
0;01100101;6;00000110;8;11110101
0;01100101;6;00000110;8;11110101
0;01100101;6;00000110;8;11110101
0;01100101;4;10000110;7;11010101
1;10100101;4;10000110;7;11010101
1;10100101;4;10000110;7;11010101
1;10100101;6;10001110;7;11010101
0;10100111;6;10001110;7;11010101
0;10100111;6;10001110;7;11010101
0;10100111;3;10000110;8;11000101
0;10100111;3;10000110;8;11000101
0;10100111;3;10000110;8;11000101
1;00100111;3;10000110;8;11000101
1;00100111;3;10000110;8;11000101
1;00100111;3;10000110;8;11000101
0;00100110;4;10010111;8;11000101
0;00100110;4;10010111;2;11001001
0;00100110;4;10010111;2;11001001
0;00100110;5;10010110;2;11001001
0;00100110;5;10010110;2;11001001
0;00100110;5;10010110;2;11001001
0;00100110;5;10010110;2;11001001
0;00100110;5;10010110;8;10001001
1;00111010;5;10010110;8;10001001
1;00111010;5;10010110;8;10001001
1;00111010;3;00000110;8;10001001
1;00111010;3;00000110;8;10001001
1;00111010;3;00000110;8;10001001
1;00111010;3;00000110;8;10001001
1;00111010;3;00000110;2;11000001
0;01101010;3;00000110;2;11000001
0;01101010;4;01000110;2;11000001
0;01101010;4;01000110;2;11000001
1;01111010;4;01000110;2;11000001
1;01111010;7;01000010;8;11000000
1;01111010;7;01000010;8;11000000
1;01111010;7;01000010;8;11000000
1;01111010;3;01000110;8;11000000
0;01111100;3;01000110;8;11000000
0;01111100;3;01000110;8;11000000
0;01111100;3;01000110;8;11000000
0;01111100;3;01000110;2;10001000
0;01111100;6;01000111;2;10001000
0;01111100;6;01000111;2;10001000
0;01111100;6;01000111;2;10001000
1;01110000;4;01100111;2;10001000
1;01110000;4;01100111;2;10001000
1;01110000;4;01100111;2;10001000
1;01110000;6;01100101;8;10001010
1;01110000;6;01100101;8;10001010
1;01110000;6;01100101;8;10001010
1;01110000;6;01100101;2;10001011
1;01110000;6;01100101;2;10001011
;;;;;
0;11000101;5;01111010;7;11010110
0;11000101;5;01111010;7;11010110
0;11000101;5;01111010;6;10010110
0;11000101;3;01111110;6;10010110
0;11000101;3;01111110;6;10010110
1;11100101;3;01111110;8;00010110
1;11100101;3;01111110;8;00010110
1;11100101;3;01111110;8;00010110
1;11100101;3;01111110;8;00010110
0;11100100;4;01111101;8;00010110
0;11100100;4;01111101;8;00010110
0;11100100;4;01111101;6;00010101
0;11100100;4;01111101;6;00010101
0;11100100;4;01111101;6;00010101
0;11100100;3;01111001;6;00010101
2;11100000;3;01111001;7;00010100
2;11100000;3;01111001;7;00010100
2;11100000;3;01111001;7;00010100
2;11100000;5;01111101;7;00010100
2;11100000;5;01111101;7;00010100
1;11110100;5;01111101;7;00010100
1;11110100;5;01111101;7;00010100
1;11110100;5;01111101;8;00110000
1;11110100;3;01111100;8;00110000
2;01110100;3;01111100;8;00110000
2;01110100;3;01111100;7;00110100
2;01110100;5;01111110;7;00110100
0;01100100;5;01111110;7;00110100
0;01100100;5;01111110;7;00110100
0;01100100;3;01111010;7;00110100
0;01100100;3;01111010;7;00110100
0;01100100;3;01111010;8;00111000
0;01100100;3;01111010;8;00111000
1;11000100;6;01011010;8;00111000
1;11000100;6;01011010;7;00111100
1;11000100;6;01011010;7;00111100
2;11010100;6;01011010;7;00111100
2;11010100;3;01001010;7;00111100
2;11010100;3;01001010;7;00111100
2;11010100;3;01001010;8;00011100
1;11010000;3;01001010;8;00011100
1;11010000;3;01001010;8;00011100
1;11010000;3;01001010;8;00011100
1;11010000;5;01000000;8;00011100
1;11010000;5;01000000;8;00011100
0;11000001;5;01000000;8;00011100
0;11000001;3;01001000;8;00011100
0;11000001;3;01001000;7;00011110
2;01000001;3;01001000;7;00011110
2;01000001;5;01001010;7;00011110
2;01000001;5;01001010;8;00011100
1;01000011;5;01001010;8;00011100
1;01000011;5;01001010;8;00011100
1;01000011;5;01001010;8;00011100
0;01000111;6;01001000;8;00011100
0;01000111;6;01001000;8;00011100
0;01000111;6;01001000;8;00011100
0;01000111;5;01001010;8;00011100
0;01000111;5;01001010;7;00011101
1;00000111;5;01001010;7;00011101
1;00000111;6;01001011;7;00011101
1;00000111;6;01001011;7;00011101
1;00000111;6;01001011;7;00011101
0;00000011;6;01001011;7;00011101
0;00000011;6;01001011;7;00011101
0;00000011;6;01001011;7;00011101
1;00000111;5;01101010;7;00011101
1;00000111;5;01101010;2;00011111
1;00000111;5;01101010;2;00011111
1;00000111;5;01101010;2;00011111
1;00000111;5;01101010;2;00011111
0;00100110;6;11101010;8;00001111
0;00100110;6;11101010;8;00001111
0;00100110;6;11101010;8;00001111
1;00000110;5;01101010;2;00001011
1;00000110;5;01101010;2;00001011
1;00000110;5;01101010;2;00001011
1;00000110;3;11101010;2;00001011
0;00000010;3;11101010;2;00001011
0;00000010;3;11101010;2;00001011
0;00000010;4;10101010;8;00001110
0;00000010;4;10101010;8;00001110
1;00000000;4;10101010;8;00001110
1;00000000;3;10001010;2;10001110
1;00000000;3;10001010;2;10001110
1;00000000;3;10001010;2;10001110
1;00000000;3;10001010;2;10001110
1;00000000;6;10001011;2;10001110
1;00000000;6;10001011;2;10001110
0;11000000;6;10001011;8;10001010
0;11000000;6;10001011;8;10001010
0;11000000;6;10001011;8;10001010
0;11000000;5;10011011;8;10001010
1;10000000;5;10011011;2;10001110
1;10000000;5;10011011;2;10001110
1;10000000;5;10011011;2;10001110
0;10000001;5;10011011;2;10001110
0;10000001;3;10011001;2;10001110
0;10000001;3;10011001;2;10001110
0;10000001;3;10011001;8;10011010
;;;;;
0;01010000;4;01011001;8;11010001
0;01010000;4;01011001;8;11010001
1;01000000;5;01001001;7;11000001
1;01000000;5;01001001;7;11000001
1;01000000;5;01001001;7;11000001
2;01100000;5;01001001;7;11000001
2;01100000;5;01001001;7;11000001
2;01100000;4;01011000;6;01000011
2;01100000;4;01011000;6;01000011
0;01100001;4;01011000;6;01000011
0;01100001;4;01011000;6;01000011
0;01100001;3;01001000;6;01000011
0;01100001;3;01001000;6;01000011
0;01100001;3;01001000;7;01000110
2;11100001;3;01001000;7;01000110
2;11100001;3;01001000;7;01000110
2;11100001;3;01001000;6;01000010
2;11100001;3;01001000;6;01000010
2;11100001;4;00001000;6;01000010
2;11100001;4;00001000;8;01000110
2;11100001;4;00001000;8;01000110
2;11100001;4;00001000;8;01000110
2;11100001;3;00001100;8;01000110
2;11100001;3;00001100;8;01000110
2;11100001;3;00001100;7;10000110
0;00101011;3;00001100;7;10000110
0;00101011;3;00001100;7;10000110
0;00101011;3;00001100;7;10000110
2;00100011;4;01001100;7;10000110
2;00100011;4;01001100;7;10000110
2;00100011;4;01001100;6;10100010
2;00100011;4;01001100;6;10100010
2;00100011;3;01000100;6;10100010
0;00000111;3;01000100;8;00100010
0;00000111;3;01000100;8;00100010
0;00000111;5;00000100;8;00100010
2;00000101;5;00000100;8;00100010
2;00000101;5;00000100;8;00100010
2;00000101;5;00000100;6;10100000
2;00000101;4;00000101;6;10100000
2;00000101;4;00000101;6;10100000
0;00101101;4;00000101;6;10100000
0;00101101;4;00000101;6;10100000
0;00101101;4;00000101;6;10100000
0;00101101;4;00000101;8;10110000
2;00101100;3;00000111;8;10110000
2;00101100;3;00000111;8;10110000
2;00101100;3;00000111;8;10110000
0;00100100;5;00010111;6;00110000
0;00100100;5;00010111;6;00110000
0;00100100;5;00010111;6;00110000
0;00100100;5;00010111;6;00110000
0;00100100;4;00000111;6;00110000
0;00100100;4;00000111;6;00110000
0;00100100;4;00000111;7;00010000
2;10100100;4;00000111;7;00010000
2;10100100;1;00000101;7;00010000
2;10100100;1;00000101;8;00010010
0;10101100;1;00000101;8;00010010
0;10101100;1;00000101;8;00010010
0;10101100;1;00000101;7;00000010
0;10101100;1;00000101;7;00000010
0;10101100;1;00000101;7;00000010
0;10101100;1;00000101;7;00000010
4;10111100;1;00000101;7;00000010
4;10111100;1;00000101;7;00000010
4;10111100;1;00000101;6;10000011
4;10111100;1;00000101;6;10000011
4;10111100;1;00000101;6;10000011
4;10111100;1;00000101;8;10000001
2;11111100;1;00000101;8;10000001
2;11111100;1;00000101;8;10000001
2;11111100;1;00000101;3;10000011
0;11101100;1;00000101;3;10000011
0;11101100;1;00000101;3;10000011
0;11101100;1;00000101;3;10000011
4;01101100;1;00000101;3;10000011
4;01101100;1;00000101;3;10000011
4;01101100;1;00000101;6;00000010
2;01101110;1;00000101;6;00000010
2;01101110;1;00000101;6;00000010
2;01101110;1;00000101;8;10000010
0;01111110;1;00000101;8;10000010
0;01111110;1;00000101;8;10000010
0;01111110;1;00000101;3;10010010
0;01111110;1;00000101;3;10010010
4;01101110;1;00000101;3;10010010
4;01101110;1;00000101;6;00010010
4;01101110;1;00000101;6;00010010
2;01100110;1;00000101;6;00010010
2;01100110;1;00000101;5;01010010
2;01100110;1;00000101;5;01010010
4;11100110;1;00000101;5;01010010
4;11100110;1;00000101;3;01010110
4;11100110;1;00000101;3;01010110
4;11100110;1;00000101;3;01010110
2;11100100;1;00000101;5;00010110
2;11100100;1;00000101;5;00010110
2;11100100;1;00000101;5;00010110
0;11000100;1;00000101;5;00010110
;;;;;
0;10110110;5;01001110;8;01110011
0;10110110;5;01001110;8;01110011
1;10010110;5;01001110;8;01110011
1;10010110;5;01001110;8;01110011
1;10010110;3;11001100;7;01100111
2;10000110;3;11001100;7;01100111
2;10000110;3;11001100;7;01100111
2;10000110;3;11001100;7;01100111
0;10010110;3;11001100;7;01100111
0;10010110;5;11001101;7;01100111
0;10010110;5;11001101;8;01100101
0;10010110;5;11001101;8;01100101
0;10010110;5;11001101;8;01100101
1;10010111;3;01001101;8;01100101
1;10010111;3;01001101;8;01100101
1;10010111;3;01001101;7;00100111
0;00010111;5;01000101;7;00100111
0;00010111;5;01000101;7;00100111
0;00010111;5;01000101;7;00100111
4;00010011;5;01000101;7;00100111
4;00010011;5;01000101;6;00101011
4;00010011;5;01000101;6;00101011
4;00010011;3;00010101;6;00101011
1;00010001;3;00010101;6;00101011
1;00010001;3;00010101;8;00101010
1;00010001;5;01010101;8;00101010
0;00010000;5;01010101;8;00101010
0;00010000;5;01010101;8;00101010
0;00010000;5;01010101;6;00101000
4;00000000;5;01010101;6;00101000
4;00000000;5;01010101;6;00101000
4;00000000;3;01011101;6;00101000
4;00000000;3;01011101;6;00101000
1;10000000;3;01011101;7;00101010
1;10000000;5;01011111;7;00101010
1;10000000;5;01011111;7;00101010
0;10000100;5;01011111;7;00101010
0;10000100;2;00011111;7;00101010
0;10000100;2;00011111;7;00101010
0;10000100;2;00011111;7;00101010
0;10000100;5;00011011;7;00101010
0;10000100;5;00011011;8;01101010
4;10000101;5;00011011;8;01101010
4;10000101;5;00011011;8;01101010
4;10000101;5;00011011;7;01100010
4;10000101;3;10011001;7;01100010
1;10100101;3;10011001;7;01100010
1;10100101;3;10011001;7;01100010
1;10100101;3;10011001;7;01100010
4;10100111;3;10011001;6;11100010
4;10100111;3;10011001;6;11100010
4;10100111;3;10011001;6;11100010
4;10100111;3;10011001;6;11100010
1;00100111;5;10010101;8;11100000
1;00100111;5;10010101;8;11100000
1;00100111;5;10010101;8;11100000
4;00100011;5;10010101;7;01100000
4;00100011;5;10010101;7;01100000
4;00100011;5;10010101;7;01100000
1;00110011;5;10010101;8;01000000
1;00110011;2;10110101;8;01000000
1;00110011;2;10110101;8;01000000
1;00110011;2;10110101;7;01000100
4;00100011;5;10110100;7;01000100
4;00100011;5;10110100;7;01000100
4;00100011;5;10110100;7;01000100
4;00100011;2;10010100;7;01000100
4;00100011;2;10010100;7;01000100
4;00100011;2;10010100;8;11001100
4;00100011;2;10010100;8;11001100
1;10100001;3;10110100;8;11001100
1;10100001;3;10110100;8;11001100
1;10100001;3;10110100;7;11011100
4;11100001;5;10110110;7;11011100
4;11100001;5;10110110;7;11011100
4;11100001;5;10110110;8;11001100
4;11100001;5;10110110;8;11001100
4;11100001;3;10010110;8;11001100
4;11100001;3;10010110;7;11001110
1;01100001;3;10010110;7;11001110
1;01100001;3;10010110;7;11001110
1;01100001;0;10000110;6;10001110
1;01100001;0;10000110;6;10001110
4;01100000;0;10000110;6;10001110
4;01100000;3;00000110;7;11001110
4;01100000;3;00000110;7;11001110
1;01100001;3;00000110;7;11001110
1;01100001;3;00000110;6;11001100
1;01100001;5;00100110;6;11001100
1;01100001;5;00100110;6;11001100
1;01100001;5;00100110;6;11001100
1;01100001;5;00100110;7;11001110
4;01100000;2;00100111;7;11001110
4;01100000;2;00100111;7;11001110
4;01100000;2;00100111;7;11001110
4;01100000;2;00100111;7;11001110
4;01100000;2;00100111;7;11001110
4;01100000;0;00100101;7;11001110
4;01100000;0;00100101;7;11001110
4;01100000;0;00100101;7;11001110
;;;;;
1;10010100;3;00100000;8;10011011
1;10010100;3;00100000;8;10011011
2;10010110;3;00100000;8;10011011
2;10010110;3;00100000;6;10011111
2;10010110;3;00100000;6;10011111
1;11010110;4;00101000;6;10011111
1;11010110;4;00101000;7;11011111
1;11010110;4;00101000;7;11011111
0;11010010;3;00101100;7;11011111
0;11010010;3;00101100;7;11011111
0;11010010;3;00101100;6;11011011
0;11010010;3;00101100;6;11011011
0;11010010;4;00001100;6;11011011
0;11010010;4;00001100;6;11011011
0;11010010;4;00001100;6;11011011
5;11011010;3;00101100;7;11001011
5;11011010;3;00101100;7;11001011
5;11011010;3;00101100;7;11001011
1;10011010;3;00101100;6;11011011
1;10011010;4;00101110;6;11011011
1;10011010;4;00101110;6;11011011
0;10001010;4;00101110;6;11011011
0;10001010;4;00101110;6;11011011
0;10001010;4;00101110;6;11011011
0;10001010;3;01001110;6;11011011
0;10001010;3;01001110;6;11011011
0;10001010;3;01001110;8;00010011
5;10001011;3;01001110;8;00010011
5;10001011;3;01001110;8;00010011
5;10001011;3;01001110;8;00010011
1;11001011;4;01001100;8;00010011
1;11001011;4;01001100;8;00010011
1;11001011;4;01001100;6;00010001
0;11000011;4;01001100;6;00010001
0;11000011;4;01001100;6;00010001
0;11000011;3;00001100;6;00010001
2;01000011;3;00001100;6;00010001
2;01000011;3;00001100;8;01010001
2;01000011;3;00001100;8;01010001
0;11000011;3;00001100;8;01010001
0;11000011;3;00001100;8;01010001
0;11000011;3;00001100;8;01010001
5;11100011;3;00001100;8;01010001
5;11100011;4;00001110;6;11010000
5;11100011;4;00001110;6;11010000
5;11100011;4;00001110;6;11010000
5;11100011;4;00001110;6;11010000
5;11100011;4;00001110;8;11110000
0;11100010;3;10001110;8;11110000
0;11100010;3;10001110;8;11110000
0;11100010;3;10001110;6;11010000
5;11101010;3;10001110;6;11010000
5;11101010;3;10001110;6;11010000
5;11101010;3;10001110;6;11010000
2;11101110;3;10001110;6;11010000
2;11101110;4;11101110;6;11010000
2;11101110;4;11101110;6;11010000
5;11101111;4;11101110;6;11010000
5;11101111;4;11101110;6;11010000
5;11101111;3;11001110;6;11010000
2;11101011;3;11001110;6;11010000
2;11101011;3;11001110;8;10011101
2;11101011;3;11001110;8;10011101
2;11101011;4;11001111;8;10011101
0;11001011;4;11001111;8;10011101
0;11001011;4;11001111;8;10011101
0;11001011;3;11101111;6;10001111
0;11001011;3;11101111;6;10001111
0;11001011;3;11101111;6;10001111
2;11001010;3;11101111;6;10001111
2;11001010;3;11101111;6;10001111
2;11001010;3;11101111;6;10001111
2;11001010;3;11101111;8;10011101
2;11001010;7;11001111;8;10011101
2;11001010;7;11001111;8;10011101
2;11001010;7;11001111;8;10011101
2;11001010;7;11001111;6;10011111
2;11001010;7;11001111;6;10011111
2;11001010;7;11001111;6;10011111
2;11001010;3;11000111;6;10011111
2;11001010;3;11000111;1;10011011
2;11001010;3;11000111;1;10011011
2;11001010;4;11100111;1;10011011
2;11001010;4;11100111;1;10011011
2;11001010;4;11100111;8;10001011
2;11001010;4;11100111;8;10001011
2;11001010;7;11100011;8;10001011
2;11001010;7;11100011;8;10001011
2;11001010;7;11100011;1;10011011
2;11001010;7;11100011;1;10011011
2;11001010;0;11110011;1;10011011
2;11001010;0;11110011;8;00011011
2;11001010;0;11110011;8;00011011
2;11001010;4;11110001;8;00011011
2;11001010;4;11110001;6;00001011
2;11001010;4;11110001;6;00001011
2;11001010;3;11010001;6;00001011
2;11001010;3;11010001;6;00001011
2;11001010;3;11010001;6;00001011
2;11001010;5;10010001;6;00001011
;;;;;
0;00011110;4;11110110;6;00100011
0;00011110;4;11110110;6;00100011
1;00111110;4;11110110;7;00100001
1;00111110;4;11110110;7;00100001
1;00111110;4;11110110;7;00100001
1;00111110;4;11110110;7;00100001
2;00111100;5;11111010;6;01100001
2;00111100;5;11111010;6;01100001
2;00111100;5;11111010;6;01100001
2;00111100;5;11111010;7;00100001
2;00111100;5;11111010;7;00100001
1;10101100;5;11111010;7;00100001
1;10101100;5;11111010;6;00101001
1;10101100;5;11111010;6;00101001
1;10101100;3;01110010;6;00101001
2;10001100;3;01110010;6;00101001
2;10001100;3;01110010;6;00101001
2;10001100;3;01110010;7;00101000
1;10001000;3;01110010;7;00101000
1;10001000;5;00110010;7;00101000
1;10001000;5;00110010;8;00001000
1;10001000;5;00110010;8;00001000
1;10001000;5;00110010;8;00001000
0;10011001;3;00100010;7;00001001
0;10011001;3;00100010;7;00001001
0;10011001;3;00100010;7;00001001
0;10011001;3;00100010;6;00001011
0;10011001;3;00100010;6;00001011
0;10011001;3;00100010;6;00001011
1;10011111;5;10100011;6;00001011
1;10011111;5;10100011;6;00001011
1;10011111;5;10100011;6;00001011
2;10001111;5;10100011;7;11001011
2;10001111;5;10100011;7;11001011
2;10001111;3;10110010;7;11001011
2;10001111;3;10110010;7;11001011
2;10001111;3;10110010;7;11001011
1;10001011;4;10111010;7;11001011
1;10001011;4;10111010;8;01001011
1;10001011;4;10111010;8;01001011
1;10001011;5;10110010;8;01001011
2;10001111;5;10110010;7;01001001
2;10001111;5;10110010;7;01001001
2;10001111;3;10010010;7;01001001
2;10001111;3;10010010;8;01000001
2;10001111;3;10010010;8;01000001
0;10000101;3;10010010;8;01000001
0;10000101;5;10000010;8;01000001
0;10000101;5;10000010;7;11000001
2;10000001;5;10000010;7;11000001
2;10000001;3;11000010;7;11000001
2;10000001;3;11000010;7;11000001
1;11000001;3;11000010;7;11000001
1;11000001;3;11000010;7;11000001
1;11000001;3;11000010;6;01100001
0;10000001;3;11000010;6;01100001
0;10000001;3;11000010;6;01100001
0;10000001;3;11000010;6;01100001
0;10000001;3;11000010;6;01100001
0;10000001;3;11000010;6;01100001
0;10000001;5;11001010;6;01100001
1;10010001;5;11001010;6;01100001
1;10010001;5;11001010;6;01100001
1;10010001;5;11001010;7;10100101
4;10010000;8;11101010;7;10100101
4;10010000;8;11101010;7;10100101
4;10010000;8;11101010;7;10100101
2;10010010;3;11100010;7;10100101
2;10010010;3;11100010;7;10100101
2;10010010;3;11100010;7;10100101
0;10010110;5;11101010;7;10100101
0;10010110;5;11101010;7;10100101
0;10010110;5;11101010;6;11100100
0;10010110;5;11101010;6;11100100
0;10010110;5;11101010;6;11100100
1;10010111;5;11101010;6;11100100
1;10010111;5;11101010;6;11100100
1;10010111;3;11101001;6;11100100
0;10011111;3;11101001;7;11100000
0;10011111;3;11101001;7;11100000
0;10011111;3;11101001;7;11100000
2;10001111;3;11101001;7;11100000
2;10001111;8;11101000;7;11100000
2;10001111;8;11101000;7;11100000
2;10001111;8;11101000;7;11100000
0;10001101;8;11101000;7;11100000
0;10001101;3;01101000;7;11100000
0;10001101;3;01101000;7;11100000
0;10001101;3;01101000;7;11100000
0;10001101;5;11101000;6;10100111
2;11001101;5;11101000;6;10100111
2;11001101;5;11101000;6;10100111
2;11001101;5;11101000;6;10100111
2;11001101;5;11101000;6;10100111
0;11001111;3;11101100;7;10101111
0;11001111;3;11101100;7;10101111
0;11001111;3;11101100;7;10101111
4;11101111;8;10101100;6;10101011
4;11101111;8;10101100;6;10101011
4;11101111;8;10101100;6;10101011
;;;;;
0;01111110;3;01011111;7;10101001
0;01111110;3;01011111;7;10101001
0;01111110;4;01011011;7;10101001
0;01111110;4;01011011;7;10101001
0;01111110;4;01011011;7;10101001
0;01111110;4;01011011;7;10101001
1;00111010;3;01011001;6;00101011
1;00111010;3;01011001;6;00101011
1;00111010;3;01011001;6;00101011
1;00111010;3;01011001;6;00101011
1;00111010;4;01010001;7;00001011
1;00111010;4;01010001;7;00001011
0;00111000;4;01010001;7;00001011
0;00111000;4;01010001;7;00001011
0;00111000;4;01010001;7;00001011
0;00111000;3;00011001;7;00001011
0;00111000;3;00011001;6;00001000
0;00111000;3;00011001;6;00001000
0;00111000;3;00011001;6;00001000
1;10011000;3;00011001;8;00001001
1;10011000;3;00011001;8;00001001
1;10011000;4;00011011;8;00001001
1;10011000;4;00011011;8;00001001
1;10011000;4;00011011;8;00001001
2;10001000;4;00011011;8;00001001
2;10001000;4;00011011;8;00001001
2;10001000;4;00011011;7;00101001
1;00001000;4;00011011;7;00101001
1;00001000;5;00001001;7;00101001
1;00001000;5;00001001;7;00101001
1;00001000;5;00001001;7;00101001
2;00000000;5;00001001;6;00100001
2;00000000;5;00001001;6;00100001
2;00000000;5;00001001;6;00100001
2;00000000;5;00001001;6;00100001
2;00000000;5;00001001;6;00100001
2;00000000;5;00001001;6;00100001
2;00000000;5;00001001;6;00100001
1;10010000;5;00001001;6;00100001
1;10010000;8;00001011;6;00100001
1;10010000;8;00001011;7;00111001
4;10000000;8;00001011;7;00111001
4;10000000;5;00001001;7;00111001
4;10000000;5;00001001;6;00111011
4;10000000;5;00001001;6;00111011
1;00000000;5;00001001;6;00111011
1;00000000;5;00001001;6;00111011
1;00000000;8;10001001;6;00111011
4;10000000;8;10001001;7;00101011
4;10000000;8;10001001;7;00101011
4;10000000;8;10001001;7;00101011
0;00000000;5;10011001;7;00101011
0;00000000;5;10011001;7;00101011
0;00000000;5;10011001;7;00101011
1;10000000;8;10001001;6;00001111
1;10000000;8;10001001;6;00001111
1;10000000;8;10001001;6;00001111
1;10000000;5;10000001;6;00001111
0;10000010;5;10000001;7;00000111
0;10000010;5;10000001;7;00000111
0;10000010;8;10000000;7;00000111
1;10000110;8;10000000;6;00001111
1;10000110;8;10000000;6;00001111
1;10000110;8;10000000;6;00001111
0;10100110;8;10000000;7;00001101
0;10100110;8;10000000;7;00001101
0;10100110;8;10000000;7;00001101
0;10100110;8;10000000;7;00001101
0;10100110;5;11101000;6;00011101
3;10000110;5;11101000;6;00011101
3;10000110;5;11101000;6;00011101
3;10000110;5;11101000;6;00011101
3;10000110;5;11101000;6;00011101
0;10010110;5;11101000;7;10011101
0;10010110;5;11101000;7;10011101
0;10010110;5;11101000;7;10011101
3;10000110;8;01011000;6;10011100
3;10000110;8;01011000;6;10011100
3;10000110;8;01011000;6;10011100
1;10001110;5;01011100;6;10011100
1;10001110;5;01011100;6;10011100
1;10001110;5;01011100;7;10010100
0;10001111;5;01011100;7;10010100
0;10001111;5;01011100;7;10010100
0;10001111;5;01011100;7;10010100
0;10001111;5;01011100;6;10000100
3;11001111;5;01011100;6;10000100
3;11001111;5;01011100;6;10000100
3;11001111;8;01111000;7;10000101
4;01001111;8;01111000;7;10000101
4;01001111;8;01111000;7;10000101
4;01001111;8;01111000;7;10000101
4;01001111;5;01101000;6;10000100
4;01001111;5;01101000;6;10000100
3;01001101;5;01101000;6;10000100
3;01001101;5;01101000;6;10000100
3;01001101;5;01101000;6;10000100
0;11001101;5;01101000;6;10000100
0;11001101;8;00101001;7;01000100
0;11001101;8;00101001;7;01000100
;;;;;
0;11110100;5;10010000;8;10011010
0;11110100;5;10010000;8;10011010
2;11110110;5;10010000;8;10011010
2;11110110;4;10110000;8;10011010
2;11110110;4;10110000;7;10011110
2;11110110;4;10110000;7;10011110
2;11110110;4;10110000;7;10011110
2;11110110;5;10111000;7;10011110
1;11110111;5;10111000;8;10011100
1;11110111;5;10111000;8;10011100
1;11110111;5;10111000;8;10011100
1;11110111;3;10111010;8;10011100
1;11110111;3;10111010;8;10011100
1;11110111;3;10111010;7;11001100
1;11110111;3;10111010;7;11001100
1;11110111;0;10110110;7;11001100
2;11010100;0;10110110;7;11001100
2;11010100;4;10110010;7;11001100
2;11010100;4;10110010;7;11001100
2;11010100;4;10110010;8;01001100
2;11010100;4;10110010;8;01001100
1;11110101;4;10110010;8;01001100
1;11110101;4;10110010;8;01001100
1;11110101;6;10110110;8;01001100
1;11110101;6;10110110;7;01001110
2;11100101;6;10110110;7;01001110
2;11100101;0;10110111;7;01001110
2;11100101;0;10110111;7;01001110
2;11100101;0;10110111;7;01001110
1;11000101;0;10110111;7;01001110
1;11000101;0;10110111;7;01001110
1;11000101;5;10110011;8;01001000
2;11000111;5;10110011;8;01001000
2;11000111;5;10110011;8;01001000
2;11000111;0;10110001;8;01001000
2;11000111;0;10110001;8;01001000
2;11000111;0;10110001;8;01001000
1;11010111;5;10100001;7;11001000
1;11010111;5;10100001;7;11001000
1;11010111;5;10100001;7;11001000
1;11010111;4;10110001;8;01001000
1;11010111;4;10110001;8;01001000
2;10010111;4;10110001;8;01001000
2;10010111;6;10111001;8;01001000
2;10010111;6;10111001;7;00001000
2;10010111;6;10111001;7;00001000
2;10010111;6;10111001;7;00001000
1;11110111;6;10111001;7;00001000
1;11110111;6;10111001;8;10001000
1;11110111;3;11101001;8;10001000
1;11110111;3;11101001;8;10001000
2;11010111;3;11101001;8;10001000
2;11010111;3;11101001;8;10001000
2;11010111;6;10101001;7;11011000
2;11010111;6;10101001;7;11011000
2;11010111;6;10101001;7;11011000
2;11010111;6;10101001;7;11011000
2;11010111;6;10101001;8;11011010
2;11010111;3;10111001;8;11011010
2;11010111;3;10111001;8;11011010
2;11010111;3;10111001;8;11011010
1;11011011;4;00111001;8;11011010
1;11011011;4;00111001;8;11011010
1;11011011;4;00111001;8;11011010
2;10011011;0;00111101;8;11011010
2;10011011;0;00111101;8;11011010
2;10011011;0;00111101;8;11011010
1;10010011;3;10111101;8;11011010
1;10010011;3;10111101;8;11011010
1;10010011;3;10111101;5;11000110
7;00010011;6;11111101;5;11000110
7;00010011;6;11111101;5;11000110
7;00010011;6;11111101;5;11000110
2;00011011;6;11111101;5;11000110
2;00011011;6;11111101;5;11000110
2;00011011;6;11111101;8;11001110
2;00011011;6;11111101;8;11001110
1;00010011;4;10101101;8;11001110
1;00010011;4;10101101;8;11001110
1;00010011;4;10101101;8;11001110
1;00010011;4;10101101;5;01001110
7;01010011;0;10001101;5;01001110
7;01010011;0;10001101;5;01001110
7;01010011;0;10001101;5;01001110
1;01011011;4;10001100;5;01001110
1;01011011;4;10001100;8;01101110
1;01011011;4;10001100;8;01101110
7;01010011;4;10001100;8;01101110
7;01010011;0;10001110;8;01101110
7;01010011;0;10001110;8;01101110
2;01010111;0;10001110;8;01101110
2;01010111;0;10001110;8;01101110
2;01010111;0;10001110;8;01101110
2;01010111;0;10001110;5;00101101
2;01010111;3;00101110;5;00101101
1;00010111;3;00101110;5;00101101
1;00010111;3;00101110;5;00101101
1;00010111;3;00101110;5;00101101
7;00110111;3;00101110;5;00101101
7;00110111;3;00101110;5;00101101
;;;;;
2;00001100;3;01101010;7;00000010
2;00001100;3;01101010;7;00000010
0;00011100;3;01101010;6;00000110
0;00011100;3;01101010;6;00000110
0;00011100;3;01101010;6;00000110
0;00011100;4;01101110;7;00000010
1;00011101;4;01101110;7;00000010
1;00011101;4;01101110;7;00000010
1;00011101;4;01101110;7;00000010
2;10011101;4;01101110;6;10000010
2;10011101;4;01101110;6;10000010
2;10011101;5;01111111;6;10000010
0;10011100;5;01111111;6;10000010
0;10011100;5;01111111;8;10000110
0;10011100;5;01111111;8;10000110
0;10011100;5;01111111;8;10000110
0;10011100;4;01011110;8;10000110
1;10001100;4;01011110;8;10000110
1;10001100;4;01011110;6;10000000
1;10001100;4;01011110;6;10000000
2;10101100;4;01011110;6;10000000
2;10101100;4;01011110;6;10000000
2;10101100;4;01011110;3;10000010
2;10101100;4;01011110;3;10000010
0;10111100;4;01011110;3;10000010
0;10111100;4;01011110;3;10000010
0;10111100;4;01011110;3;10000010
1;11111100;5;01001010;3;10000010
1;11111100;5;01001010;3;10000010
1;11111100;5;01001010;7;11010010
0;11110100;4;01011010;7;11010010
0;11110100;4;01011010;7;11010010
0;11110100;4;01011010;7;11010010
0;11110100;5;01111010;7;11010010
0;11110100;5;01111010;8;11010110
1;11110101;5;01111010;8;11010110
1;11110101;4;01011010;8;11010110
1;11110101;4;01011010;8;11010110
1;11110101;4;01011010;6;11011110
0;10110101;4;01011010;6;11011110
0;10110101;4;01011010;6;11011110
0;10110101;4;01011010;7;11011010
2;10110111;4;01011010;7;11011010
2;10110111;5;01011011;7;11011010
2;10110111;5;01011011;3;11011110
2;10110111;5;01011011;3;11011110
2;10110111;5;01011011;3;11011110
2;10110111;4;01011111;6;10011110
1;10010111;4;01011111;6;10011110
1;10010111;4;01011111;6;10011110
1;10010111;4;01011111;7;10011100
1;10010111;4;01011111;7;10011100
1;10010111;4;01011111;7;10011100
1;10010111;0;01011110;7;10011100
2;11010111;0;01011110;6;10011101
2;11010111;0;01011110;6;10011101
2;11010111;5;01011100;6;10011101
2;11010111;5;01011100;6;10011101
1;11010110;5;01011100;6;10011101
1;11010110;4;01011110;8;10010101
1;11010110;4;01011110;8;10010101
2;11010100;4;01011110;8;10010101
2;11010100;4;01011110;8;10010101
2;11010100;4;01011110;6;11010101
2;11010100;0;00011110;6;11010101
2;11010100;0;00011110;6;11010101
2;11010100;0;00011110;6;11010101
1;11010111;0;00011110;8;11010100
1;11010111;0;00011110;8;11010100
1;11010111;0;00011110;8;11010100
1;11010111;0;00011110;6;01010100
1;11010111;0;00011110;6;01010100
1;11010111;0;00011110;6;01010100
2;01010111;4;01001100;6;01010100
2;01010111;4;01001100;8;01110100
2;01010111;4;01001100;8;01110100
2;01010111;4;01001100;8;01110100
2;01010111;4;01001100;8;01110100
1;11010101;4;01001100;7;01010100
1;11010101;4;01001100;7;01010100
1;11010101;4;01001100;7;01010100
1;11010101;4;01001100;5;01110100
1;11010101;4;01001100;5;01110100
1;11010101;0;10001101;5;01110100
1;11010101;0;10001101;5;01110100
2;11110101;0;10001101;5;01110100
2;11110101;0;10001101;6;01110101
2;11110101;0;10001101;6;01110101
2;11110101;0;10001101;6;01110101
1;11110111;0;10001101;6;01110101
1;11110111;4;10100101;7;01010101
1;11110111;4;10100101;7;01010101
1;11110111;4;10100101;7;01010101
1;11110111;4;10100101;6;01110101
1;11110111;4;10100101;6;01110101
1;11110111;4;10100101;6;01110101
2;11000111;0;10110100;6;01110101
2;11000111;0;10110100;6;01110101
2;11000111;0;10110100;6;01110101
1;11001111;0;10110100;6;01110101
;;;;;
0;01011100;3;00001110;6;00110110
0;01011100;3;00001110;6;00110110
0;01011100;5;00001100;6;00110110
0;01011100;5;00001100;6;00110110
1;01010100;5;00001100;6;00110110
1;01010100;5;00001100;7;10110110
1;01010100;5;00001100;7;10110110
0;11010100;3;00001101;7;10110110
0;11010100;3;00001101;6;10010110
0;11010100;3;00001101;6;10010110
2;01010100;4;00101101;6;10010110
2;01010100;4;00101101;7;10000110
2;01010100;4;00101101;7;10000110
2;01010100;4;00101101;7;10000110
1;01010000;3;00100101;7;10000110
1;01010000;3;00100101;7;10000110
1;01010000;3;00100101;7;10000110
1;01010000;3;00100101;7;10000110
1;01010000;3;00100101;8;10001110
1;01010000;3;00100101;8;10001110
2;01010001;5;00100111;8;10001110
2;01010001;5;00100111;8;10001110
2;01010001;5;00100111;7;10011110
1;01011001;5;00100111;7;10011110
1;01011001;5;00100111;7;10011110
1;01011001;5;00100111;7;10011110
2;01001001;5;00100111;6;11011110
2;01001001;4;00000101;6;11011110
2;01001001;4;00000101;6;11011110
0;01001101;4;00000101;7;10011110
0;01001101;4;00000101;7;10011110
0;01001101;4;00000101;7;10011110
0;01001101;4;00000101;8;00011110
0;01001101;4;00000101;8;00011110
2;00001101;4;00000101;8;00011110
2;00001101;5;11010101;8;00011110
2;00001101;5;11010101;7;00111110
2;00001101;5;11010101;7;00111110
2;00001101;4;10010101;7;00111110
0;01001100;4;10010101;8;00111111
0;01001100;4;10010101;8;00111111
0;01001100;4;10010101;8;00111111
0;01001100;4;10010101;7;00111110
0;01001100;4;10010101;7;00111110
2;01101100;3;10010000;7;00111110
2;01101100;3;10010000;7;00111110
2;01101100;3;10010000;8;00111100
2;01101100;4;10000000;8;00111100
2;01101100;4;10000000;8;00111100
2;01101100;4;10000000;6;00101100
0;01100100;4;10000000;6;00101100
0;01100100;5;11000000;6;00101100
0;01100100;5;11000000;6;00101100
0;01100100;5;11000000;6;00101100
0;01100100;5;11000000;6;00101100
0;01100100;5;11000000;6;00101100
2;01110110;5;11000000;6;00101100
2;01110110;5;11000000;6;00101100
2;01110110;8;11100000;6;00101100
2;01110110;8;11100000;6;00101100
2;01110110;8;11100000;6;00101100
2;01110110;8;11100000;7;01101100
2;01110110;8;11100000;7;01101100
2;01110110;8;11100000;7;01101100
2;01110110;1;01100100;7;01101100
2;01110110;1;01100100;7;01101100
0;01110100;1;01100100;7;01101100
0;01110100;1;01100100;6;00101100
0;01110100;5;01000100;6;00101100
0;01110100;5;01000100;6;00101100
2;01010100;5;01000100;6;00101100
2;01010100;1;01100100;6;00101100
2;01010100;1;01100100;6;00101100
2;01010100;1;01100100;3;00111100
2;01010100;8;00100100;3;00111100
2;01010100;8;00100100;3;00111100
0;11000100;8;00100100;6;00111101
0;11000100;8;00100100;6;00111101
0;11000100;1;00101100;6;00111101
0;11000100;1;00101100;3;00111001
0;11000100;1;00101100;3;00111001
0;11000100;5;00111100;3;00111001
2;11100110;5;00111100;6;01111001
2;11100110;5;00111100;6;01111001
2;11100110;4;00101100;6;01111001
2;11100110;4;00101100;6;01111001
2;11100110;4;00101100;3;00111001
2;11100110;4;00101100;3;00111001
2;11100110;4;00101100;3;00111001
0;11101100;4;00101100;6;00101001
0;11101100;5;01001100;6;00101001
0;11101100;5;01001100;6;00101001
0;11101100;5;01001100;6;00101001
2;11101110;8;01001101;6;00101001
2;11101110;8;01001101;3;00101000
2;11101110;8;01001101;3;00101000
2;11101110;4;01101101;3;00101000
0;11101010;4;01101101;7;10101000
0;11101010;4;01101101;7;10101000
0;11101010;8;01101001;7;10101000
;;;;;
2;10010110;4;11010011;7;10101001
2;10010110;4;11010011;7;10101001
2;10010110;4;11010011;6;10111001
2;10010110;4;11010011;6;10111001
0;11110110;3;11000011;6;10111001
0;11110110;3;11000011;6;10111001
0;11110110;3;11000011;6;10111001
0;11110110;3;11000011;6;10111001
2;11110111;3;11000011;7;10101011
2;11110111;3;11000011;7;10101011
2;11110111;4;01000001;7;10101011
2;11110111;4;01000001;8;10101111
2;11110111;4;01000001;8;10101111
1;10111111;4;01000001;8;10101111
1;10111111;4;01000001;8;10101111
1;10111111;3;01000010;8;10101111
1;10111111;3;01000010;7;10001111
2;10101111;3;01000010;7;10001111
2;10101111;3;01000010;7;10001111
2;10101111;3;01000010;8;10011111
2;10101111;3;01000010;8;10011111
2;10101111;4;01100110;8;10011111
0;10101100;4;01100110;8;10011111
0;10101100;4;01100110;8;10011111
0;10101100;5;01100010;8;10011111
0;10101100;5;01100010;6;10111101
0;10101100;5;01100010;6;10111101
0;10101100;5;01100010;6;10111101
2;10101101;5;01100010;6;10111101
2;10101101;5;01100010;6;10111101
2;10101101;5;01100010;6;10111101
2;10101101;4;01100110;6;10111101
0;10101100;4;01100110;8;10100101
0;10101100;4;01100110;8;10100101
0;10101100;4;01100110;8;10100101
0;10101100;4;01100110;8;10100101
0;10101100;5;01101110;6;10100100
1;10101000;5;01101110;6;10100100
1;10101000;5;01101110;6;10100100
1;10101000;3;00101110;8;10101100
1;10101000;3;00101110;8;10101100
1;10101000;3;00101110;8;10101100
0;00111000;4;00101100;7;10100100
0;00111000;4;00101100;7;10100100
0;00111000;4;00101100;7;10100100
1;10111000;4;00101100;7;10100100
1;10111000;5;00101101;7;10100100
1;10111000;5;00101101;7;10100100
1;10111000;5;00101101;6;11100000
1;10111000;5;00101101;6;11100000
1;10111000;5;00101101;6;11100000
1;10111000;2;01101101;6;11100000
1;10111000;2;01101101;6;11100000
0;10101100;2;01101101;6;11100000
0;10101100;2;01101101;8;01100010
0;10101100;3;01100101;8;01100010
0;10101100;3;01100101;8;01100010
0;10101100;3;01100101;8;01100010
0;10101100;2;01101101;6;00100010
0;10101100;2;01101101;6;00100010
0;10101100;2;01101101;6;00100010
1;11101100;5;11101101;8;01100010
1;11101100;5;11101101;8;01100010
1;11101100;5;11101101;8;01100010
0;11100100;3;11001101;8;01100010
0;11100100;3;11001101;8;01100010
0;11100100;3;11001101;6;00101010
0;11100100;3;11001101;6;00101010
0;11100100;3;11001101;6;00101010
0;11100100;3;11001101;8;00001010
1;11000100;5;11000101;8;00001010
1;11000100;5;11000101;8;00001010
1;11000100;5;11000101;8;00001010
1;11000100;4;11000111;8;00001010
0;11100100;4;11000111;8;00001010
0;11100100;4;11000111;6;00001011
0;11100100;4;11000111;6;00001011
0;11100100;4;11000111;6;00001011
1;11000100;3;11110111;6;00001011
1;11000100;3;11110111;6;00001011
1;11000100;3;11110111;6;00001011
1;11000100;3;11110111;8;01001111
1;11000100;3;11110111;8;01001111
0;10000100;5;11100111;8;01001111
0;10000100;5;11100111;8;01001111
0;10000100;5;11100111;8;01001111
1;11000100;4;01100111;6;01011011
1;11000100;4;01100111;6;01011011
1;11000100;4;01100111;6;01011011
1;11000100;5;11100111;8;01011010
0;11001100;5;11100111;8;01011010
0;11001100;5;11100111;8;01011010
0;11001100;3;01100111;8;01011010
1;01001100;3;01100111;8;01011010
1;01001100;3;01100111;6;01111011
1;01001100;5;11100111;6;01111011
0;01001000;5;11100111;6;01111011
0;01001000;5;11100111;6;01111011
0;01001000;3;11000111;6;01111011
0;01001000;3;11000111;8;00111011
;;;;;
2;00100101;3;10100110;6;10011011
2;00100101;3;10100110;6;10011011
2;00100101;5;10100111;6;10011011
2;00100101;5;10100111;8;10001011
0;10000101;5;10100111;8;10001011
0;10000101;5;10100111;8;10001011
0;10000101;5;10100111;8;10001011
1;10000111;3;11110111;7;00001011
1;10000111;3;11110111;7;00001011
1;10000111;3;11110111;7;00001011
1;10000111;4;11110101;7;00001011
1;10000111;4;11110101;6;00011011
0;00100111;4;11110101;6;00011011
0;00100111;5;11111101;6;00011011
0;00100111;5;11111101;7;00001011
0;00100111;5;11111101;7;00001011
0;00100111;5;11111101;7;00001011
1;00100011;5;11111101;6;01001011
1;00100011;4;10011101;6;01001011
1;00100011;4;10011101;6;01001011
1;00100011;4;10011101;6;01001011
1;00100011;5;00011101;8;11001011
0;10110011;5;00011101;8;11001011
0;10110011;5;00011101;8;11001011
0;10110011;5;00011101;6;11101011
2;00110011;5;00011101;6;11101011
2;00110011;5;00011101;6;11101011
2;00110011;3;00011001;8;11101111
2;00110011;3;00011001;8;11101111
0;00110111;3;00011001;8;11101111
0;00110111;4;00011101;7;11101011
0;00110111;4;00011101;7;11101011
0;00110111;4;00011101;7;11101011
1;00100111;4;00011101;6;11100011
1;00100111;3;00011100;6;11100011
1;00100111;3;00011100;6;11100011
1;00100111;3;00011100;6;11100011
0;00000111;3;00011100;6;11100011
0;00000111;3;00011100;6;11100011
0;00000111;4;00011110;6;11100011
0;00000111;4;00011110;6;11100011
1;00000110;4;00011110;5;11101010
1;00000110;3;00111110;5;11101010
1;00000110;3;00111110;5;11101010
0;00100110;3;00111110;5;11101010
0;00100110;3;00111110;5;11101010
0;00100110;3;00111110;5;11101010
0;00100110;3;00111110;6;10101010
7;01100110;3;00111110;6;10101010
7;01100110;3;00111110;6;10101010
7;01100110;4;01011111;6;10101010
2;01100111;4;01011111;6;10101010
2;01100111;4;01011111;6;10101010
2;01100111;4;01011111;5;00101000
1;00100111;4;01011111;5;00101000
1;00100111;3;01010111;5;00101000
1;00100111;3;01010111;5;00101000
2;00100110;3;01010111;5;00101000
2;00100110;3;01010111;6;00101100
2;00100110;4;00010111;6;00101100
0;00110110;4;00010111;6;00101100
0;00110110;4;00010111;6;00101100
0;00110110;4;00010111;6;00101100
0;00110110;3;10010111;6;00101100
0;00110110;3;10010111;6;00101100
0;00110110;3;10010111;6;00101100
2;11110110;4;10010011;5;00101001
2;11110110;4;10010011;5;00101001
2;11110110;4;10010011;5;00101001
2;11110110;4;10010011;6;00100001
2;11110110;4;10010011;6;00100001
1;10110010;4;10010011;6;00100001
1;10110010;3;10111011;6;00100001
1;10110010;3;10111011;6;00100001
1;10110010;3;10111011;6;00100001
0;10110110;3;10111011;6;00100001
0;10110110;3;10111011;6;00100001
0;10110110;3;10111011;6;00100001
2;10110100;3;10111011;6;00100001
2;10110100;3;10111011;6;00100001
2;10110100;4;10100011;6;00100001
8;10010100;4;10100011;6;00100001
8;10010100;4;10100011;5;00100101
8;10010100;3;10101011;5;00100101
2;10110100;3;10101011;5;00100101
2;10110100;3;10101011;5;00100101
2;10110100;3;10101011;5;00100101
2;10110100;3;10101011;5;00100101
2;10110100;3;10101011;5;00100101
0;10100100;3;10101011;6;00110101
0;10100100;4;10001001;6;00110101
0;10100100;4;10001001;6;00110101
0;10100100;4;10001001;6;00110101
7;00100100;4;10001001;6;00110101
7;00100100;3;11001001;6;00110101
7;00100100;3;11001001;6;00110101
7;00100100;3;11001001;6;00110101
0;10100100;3;11001001;5;10100101
0;10100100;4;11001000;5;10100101
0;10100100;4;11001000;5;10100101
;;;;;
0;11110101;4;11110001;6;11011000
0;11110101;4;11110001;6;11011000
0;11110101;5;10110001;7;11011100
0;11110101;5;10110001;7;11011100
0;11110101;5;10110001;7;11011100
1;11101101;5;10110001;6;11111100
1;11101101;5;10110001;6;11111100
1;11101101;4;10111000;6;11111100
0;11100101;4;10111000;7;11101100
0;11100101;4;10111000;7;11101100
0;11100101;5;10111010;7;11101100
0;11100101;5;10111010;8;11101000
0;11100101;5;10111010;8;11101000
0;11100101;5;10111010;8;11101000
2;11101111;5;10111010;8;11101000
2;11101111;5;10111010;8;11101000
2;11101111;5;10111010;6;11101100
2;11101111;5;10111010;6;11101100
2;11101111;3;10111110;6;11101100
0;11101101;3;10111110;6;11101100
0;11101101;3;10111110;6;11101100
0;11101101;3;10111110;7;01101100
2;10101101;3;10111110;7;01101100
2;10101101;3;10111110;7;01101100
2;10101101;5;10100110;7;01101100
0;00101101;5;10100110;7;01101100
0;00101101;5;10100110;7;01101100
0;00101101;5;10100110;8;01100100
1;10101101;5;10100110;8;01100100
1;10101101;4;10101110;8;01100100
1;10101101;4;10101110;6;01100101
1;10101101;4;10101110;6;01100101
0;10100101;4;10101110;6;01100101
0;10100101;4;10101110;6;01100101
0;10100101;3;11101100;7;01110101
0;10100101;3;11101100;7;01110101
1;10101101;3;11101100;7;01110101
1;10101101;3;11101100;6;01100101
1;10101101;3;11101100;6;01100101
1;10101101;5;10101100;6;01100101
1;10101101;5;10101100;6;01100101
0;10101100;5;10101100;7;01101101
0;10101100;5;10101100;7;01101101
0;10101100;4;11101100;7;01101101
2;10111100;4;11101100;6;01100101
2;10111100;4;11101100;6;01100101
2;10111100;4;11101100;6;01100101
2;10111100;3;11101000;8;01100111
2;10111100;3;11101000;8;01100111
2;10111100;3;11101000;8;01100111
2;10111100;5;11001000;8;01100111
0;10110000;5;11001000;6;01100110
0;10110000;5;11001000;6;01100110
0;10110000;5;11001000;6;01100110
0;10110000;5;11001000;6;01100110
1;10100000;5;11001000;6;01100110
1;10100000;3;11101000;8;01100100
1;10100000;3;11101000;8;01100100
1;10100000;3;11101000;8;01100100
1;10100000;5;11101001;6;00100100
0;10100110;5;11101001;6;00100100
0;10100110;5;11101001;6;00100100
0;10100110;5;11101001;6;00100100
0;10100110;5;11101001;7;00100101
0;10100110;3;11101101;7;00100101
0;10100110;3;11101101;7;00100101
1;00100010;3;11101101;8;00101101
1;00100010;3;11101101;8;00101101
1;00100010;3;11101101;8;00101101
1;00100010;5;11101100;7;00101111
0;00101010;5;11101100;7;00101111
0;00101010;5;11101100;7;00101111
0;00101010;5;11101100;6;00100111
0;00101010;3;11111100;6;00100111
0;00101010;3;11111100;6;00100111
0;00101010;3;11111100;6;00100111
1;01111010;5;01111100;8;00100101
1;01111010;5;01111100;8;00100101
1;01111010;5;01111100;8;00100101
1;01111010;3;11111100;6;00100100
1;01111010;3;11111100;6;00100100
0;01001010;3;11111100;6;00100100
0;01001010;2;11111000;6;00100100
0;01001010;2;11111000;8;00101100
0;01001010;2;11111000;8;00101100
0;01001010;3;11101000;8;00101100
0;01001010;3;11101000;7;00111100
0;01001010;3;11101000;7;00111100
0;01001010;3;11101000;7;00111100
1;10101010;3;11101000;7;00111100
1;10101010;2;11101001;6;00011100
1;10101010;2;11101001;6;00011100
1;10101010;2;11101001;6;00011100
1;10101010;3;11101000;6;00011100
1;10101010;3;11101000;6;00011100
1;10101010;3;11101000;6;00011100
0;10110010;3;11101000;6;00011100
0;10110010;4;01101000;7;00010100
0;10110010;4;01101000;7;00010100
0;10110010;4;01101000;7;00010100
;;;;;
1;10011111;3;11100100;7;01001001
1;10011111;3;11100100;7;01001001
1;10011111;3;11100100;7;01001001
1;10011111;3;11100100;7;01001001
1;10011111;3;11100100;7;01001001
2;00010111;5;11101100;7;01001001
2;00010111;5;11101100;8;01011001
2;00010111;5;11101100;8;01011001
2;00010111;5;11101100;8;01011001
2;00010111;5;11101100;8;01011001
2;00010111;4;11101111;8;01011001
1;10110111;4;11101111;7;01111000
1;10110111;4;11101111;7;01111000
1;10110111;4;11101111;7;01111000
1;10110111;0;11101101;7;01111000
1;10110111;0;11101101;7;01111000
1;10110111;0;11101101;6;00111100
1;10110111;3;10101101;6;00111100
1;10110111;3;10101101;6;00111100
2;10110110;3;10101101;7;00110100
2;10110110;4;10100101;7;00110100
2;10110110;4;10100101;7;00110100
2;10110110;4;10100101;7;00110100
2;10110110;4;10100101;7;00110100
2;10110110;4;10100101;7;00110100
2;10110110;5;10100111;7;00110100
2;10110110;5;10100111;6;10110100
2;10110110;5;10100111;6;10110100
1;11110110;5;10100111;6;10110100
1;11110110;5;10100111;7;11110100
1;11110110;5;10100111;7;11110100
1;11110110;4;01100111;7;11110100
1;11110110;4;01100111;7;11110100
0;10110110;4;01100111;8;11110110
0;10110110;4;01100111;8;11110110
0;10110110;4;01100111;8;11110110
0;10110110;3;11100110;8;11110110
0;10110110;3;11100110;8;11110110
1;10110111;3;11100110;7;11110010
1;10110111;4;11101110;7;11110010
1;10110111;4;11101110;7;11110010
1;10110111;4;11101110;7;11110010
1;10110111;5;11111110;6;10110010
1;10110111;5;11111110;6;10110010
1;10110111;5;11111110;6;10110010
1;10110111;4;11011110;8;11110010
0;11100011;4;11011110;8;11110010
0;11100011;4;11011110;8;11110010
0;11100011;5;11011111;8;11110010
0;11100011;5;11011111;8;11110010
0;11100011;5;11011111;7;10110010
0;11100011;5;11011111;7;10110010
0;11100011;5;11011111;7;10110010
1;11101111;3;11010111;8;11110010
1;11101111;3;11010111;8;11110010
1;11101111;3;11010111;8;11110010
1;11101111;2;10010111;7;11110011
0;11101101;2;10010111;7;11110011
0;11101101;2;10010111;7;11110011
0;11101101;3;10010101;8;01110011
0;11101101;3;10010101;8;01110011
6;11111101;3;10010101;8;01110011
6;11111101;3;10010101;8;01110011
6;11111101;4;10011101;8;01110011
6;11111101;4;10011101;8;01110011
6;11111101;4;10011101;8;01110011
6;11111101;3;11011101;8;01110011
6;11111101;3;11011101;7;01110111
6;11111101;3;11011101;7;01110111
6;11111101;5;10011101;7;01110111
6;11111101;5;10011101;8;00110111
6;11111101;5;10011101;8;00110111
6;11111101;2;10011111;8;00110111
0;11110100;2;10011111;7;01110111
0;11110100;2;10011111;7;01110111
0;11110100;4;10011011;7;01110111
6;11110101;4;10011011;1;01110101
6;11110101;4;10011011;1;01110101
6;11110101;5;10011111;1;01110101
6;11110101;5;10011111;1;01110101
6;11110101;5;10011111;1;01110101
6;11110101;5;10011111;1;01110101
6;11110101;5;10011111;1;01110101
6;11110101;2;10010111;7;01110110
0;00110101;2;10010111;7;01110110
0;00110101;2;10010111;7;01110110
0;00110101;2;10010111;7;01110110
0;00110101;4;10010011;7;01110110
0;00110101;4;10010011;3;01100110
0;00110101;4;10010011;3;01100110
6;10110100;2;10010111;3;01100110
6;10110100;2;10010111;7;11100110
6;10110100;2;10010111;7;11100110
6;10110100;2;10010111;7;11100110
6;10110100;8;10010011;7;11100110
6;10110100;8;10010011;7;11100110
0;00010100;8;10010011;7;11100110
0;00010100;2;10010001;7;11100110
0;00010100;2;10010001;7;11100110
6;10010100;2;10010001;7;11100110
;;;;;
2;10001101;5;01101000;8;01000101
2;10001101;5;01101000;8;01000101
0;10001001;3;00101000;8;01000101
0;10001001;3;00101000;7;00000101
0;10001001;3;00101000;7;00000101
0;10001001;3;00101000;7;00000101
0;10001001;3;00101000;6;10000101
1;11001001;4;01101000;6;10000101
1;11001001;4;01101000;6;10000101
1;11001001;4;01101000;6;10000101
1;11001001;4;01101000;6;10000101
1;11001001;4;01101000;6;10000101
1;11001001;4;01101000;6;10000101
0;11011000;4;01101000;6;10000101
0;11011000;3;11101001;6;10000101
0;11011000;3;11101001;8;10000000
0;11011000;3;11101001;8;10000000
1;11001000;5;01101001;8;10000000
1;11001000;5;01101001;8;10000000
1;11001000;5;01101001;8;10000000
0;11001010;7;01101101;6;00010000
0;11001010;7;01101101;6;00010000
0;11001010;7;01101101;6;00010000
0;11001010;3;01101100;6;00010000
1;11001000;3;01101100;8;00010001
1;11001000;3;01101100;8;00010001
1;11001000;3;01101100;8;00010001
1;11001000;5;01111100;6;01010001
1;11001000;5;01111100;6;01010001
0;11011000;5;01111100;6;01010001
0;11011000;3;01111101;6;01010001
0;11011000;3;01111101;8;01110001
0;11011000;3;01111101;8;01110001
0;11011000;3;01111101;8;01110001
0;11011000;3;01111101;2;01010001
1;11011101;5;01111100;2;01010001
1;11011101;5;01111100;2;01010001
1;11011101;5;01111100;6;01011001
1;11011101;5;01111100;6;01011001
1;11011101;3;01111000;6;01011001
0;11011011;3;01111000;2;01011011
0;11011011;3;01111000;2;01011011
0;11011011;3;01111000;2;01011011
0;11011011;3;01111000;2;01011011
0;11011011;3;01111000;2;01011011
0;11011011;5;01101000;2;01011011
1;11001011;5;01101000;8;01001011
1;11001011;5;01101000;8;01001011
1;11001011;5;01101000;8;01001011
1;11001011;5;01101000;8;01001011
1;11001011;7;01101010;8;01001011
0;10001011;7;01101010;2;00001011
0;10001011;7;01101010;2;00001011
0;10001011;7;01101010;2;00001011
1;10101011;7;01101010;2;00001011
1;10101011;7;01101010;2;00001011
1;10101011;3;01100010;6;10001011
1;10101011;3;01100010;6;10001011
0;10101010;3;01100010;6;10001011
0;10101010;3;01100010;8;00001011
0;10101010;3;01100010;8;00001011
0;10101010;3;01100010;8;00001011
0;10101010;5;01101010;6;00011011
0;10101010;5;01101010;6;00011011
0;10101010;5;01101010;6;00011011
0;10101010;7;01111010;6;00011011
0;10101010;7;01111010;2;00011001
0;10101010;7;01111010;2;00011001
0;10101010;7;01111010;2;00011001
1;01111011;7;01111010;2;00011001
1;01111011;7;01111010;6;00011000
1;01111011;7;01111010;6;00011000
8;00111011;3;00111011;6;00011000
8;00111011;3;00111011;4;00011100
8;00111011;3;00111011;4;00011100
8;00111011;5;00111001;4;00011100
0;00110011;5;00111001;2;00011000
0;00110011;5;00111001;2;00011000
0;00110011;5;00111001;2;00011000
0;00110011;5;00111001;2;00011000
0;00110011;7;10111001;2;00011000
0;00110011;7;10111001;2;00011000
1;00010011;7;10111001;2;00011000
1;00010011;7;10111001;2;00011000
1;00010011;7;10111001;6;00011110
1;00010011;7;10111001;6;00011110
1;00010011;3;10101000;6;00011110
1;00010011;3;10101000;6;00011110
1;00010011;3;10101000;2;00111110
1;00010011;3;10101000;2;00111110
1;00010011;3;10101000;2;00111110
1;00010011;3;10101000;4;00011110
0;00010010;7;00101010;4;00011110
0;00010010;7;00101010;4;00011110
0;00010010;7;00101010;4;00011110
0;00010010;7;00101010;4;00011110
0;00010010;7;00101010;6;00001110
0;00010010;3;00101110;6;00001110
0;00010010;3;00101110;6;00001110
0;00010010;3;00101110;8;00001111
;;;;;
0;00111010;3;00101110;6;11000000
0;00111010;3;00101110;6;11000000
2;00110010;5;10101110;6;11000000
2;00110010;5;10101110;6;11000000
2;00110010;5;10101110;7;11001000
1;00010010;3;11101110;7;11001000
1;00010010;3;11101110;7;11001000
1;00010010;3;11101110;7;11001000
1;00010010;3;11101110;7;11001000
2;01010010;3;11101110;7;11001000
2;01010010;3;11101110;6;10001001
2;01010010;3;11101110;6;10001001
2;01010010;4;11111010;6;10001001
2;01010010;4;11111010;7;00001001
2;01010010;4;11111010;7;00001001
1;11000010;4;11111010;7;00001001
1;11000010;3;11111110;7;00001001
1;11000010;3;11111110;6;00101001
0;11000000;3;11111110;6;00101001
0;11000000;4;11011110;6;00101001
0;11000000;4;11011110;7;00001001
0;11000000;4;11011110;7;00001001
1;11000001;4;11011110;7;00001001
1;11000001;4;11011110;7;00001001
1;11000001;4;11011110;7;00001001
0;01000001;4;11011110;6;00000001
0;01000001;3;10010110;6;00000001
0;01000001;3;10010110;6;00000001
1;01100001;3;10010110;5;00000011
1;01100001;3;10010110;5;00000011
1;01100001;3;10010110;5;00000011
0;01100011;4;10011110;5;00000011
0;01100011;4;10011110;7;00100011
0;01100011;4;10011110;7;00100011
1;11100011;4;10011110;7;00100011
1;11100011;4;10011110;5;00100111
1;11100011;4;10011110;5;00100111
8;11100010;3;11011110;5;00100111
8;11100010;3;11011110;5;00100111
8;11100010;3;11011110;5;00100111
8;11100010;3;11011110;5;00100111
0;11110010;6;10011110;7;10100011
0;11110010;6;10011110;7;10100011
0;11110010;6;10011110;7;10100011
1;11100010;6;10011110;7;10100011
1;11100010;6;10011110;7;10100011
1;11100010;6;10011110;2;11100011
1;11100010;6;10011110;2;11100011
1;11100010;3;10011011;2;11100011
1;11100010;3;10011011;5;11110011
8;11000010;3;10011011;5;11110011
8;11000010;4;11011011;5;11110011
8;11000010;4;11011011;5;11110011
8;11000010;4;11011011;5;11110011
8;11000010;4;11011011;5;11110011
1;01000010;3;11011010;7;01100011
1;01000010;3;11011010;7;01100011
1;01000010;3;11011010;7;01100011
1;01000010;3;11011010;5;11100011
1;01000010;6;11011000;5;11100011
1;01000010;6;11011000;5;11100011
0;11000011;6;11011000;7;11110011
0;11000011;6;11011000;7;11110011
0;11000011;6;11011000;7;11110011
0;11000011;6;11011000;7;11110011
1;10000011;6;11011000;7;11110011
1;10000011;8;10111000;5;11110111
1;10000011;8;10111000;5;11110111
1;10000011;8;10111000;5;11110111
0;10001011;3;10111100;2;11010111
0;10001011;3;10111100;2;11010111
0;10001011;3;10111100;2;11010111
0;10001011;3;10111100;7;11010101
0;10001011;3;10111100;7;11010101
0;10001011;8;10110100;7;11010101
0;10001011;8;10110100;5;11110101
4;10101001;8;10110100;5;11110101
4;10101001;3;10110110;5;11110101
4;10101001;3;10110110;5;11110101
4;10101001;3;10110110;5;11110101
4;10101001;8;10010110;5;11110101
4;10101001;8;10010110;5;11110101
0;10101011;8;10010110;7;01110101
0;10101011;6;10110110;7;01110101
0;10101011;6;10110110;7;01110101
0;10101011;6;10110110;7;01110101
0;10101011;6;10110110;7;01110101
0;10101011;3;10111110;5;11110101
4;10101110;3;10111110;5;11110101
4;10101110;3;10111110;5;11110101
4;10101110;8;10101110;5;11110101
1;10101111;8;10101110;5;11110101
1;10101111;8;10101110;7;10110101
1;10101111;3;10001110;7;10110101
1;10101111;3;10001110;7;10110101
1;10101111;3;10001110;7;10110101
0;11101111;3;10001110;7;10110101
0;11101111;3;10001110;7;10110101
0;11101111;3;10001110;7;10110101
4;10101111;8;10000110;5;00010101
;;;;;
0;01010101;4;10110001;7;11000100
0;01010101;4;10110001;7;11000100
2;01010111;4;10110001;6;11000110
2;01010111;4;10110001;6;11000110
2;01010111;5;10110000;6;11000110
2;01010111;5;10110000;6;11000110
0;01010101;5;10110000;6;11000110
0;01010101;4;10110010;6;11000110
0;01010101;4;10110010;8;10010110
2;01000101;4;10110010;8;10010110
2;01000101;5;10010010;8;10010110
2;01000101;5;10010010;6;10010100
2;01000101;5;10010010;6;10010100
2;01000101;5;10010010;6;10010100
2;01000101;5;10010010;6;10010100
0;00010101;5;10010010;6;10010100
0;00010101;5;10010010;6;10010100
0;00010101;4;11000010;8;10110101
0;00010101;4;11000010;8;10110101
2;00011101;4;11000010;8;10110101
2;00011101;4;11000010;7;10010101
2;00011101;4;11000010;7;10010101
2;00011101;4;11000010;7;10010101
2;00011101;4;11000010;8;10110101
0;00010101;5;11100010;8;10110101
0;00010101;5;11100010;8;10110101
0;00010101;5;11100010;7;10111101
0;00010101;5;11100010;7;10111101
0;00010101;4;11101010;7;10111101
0;00010101;4;11101010;1;10111100
0;00010101;4;11101010;1;10111100
2;00010110;5;11100010;1;10111100
2;00010110;5;11100010;8;11111100
2;00010110;5;11100010;8;11111100
0;00010111;5;11100010;8;11111100
0;00010111;4;11000010;8;11111100
0;00010111;4;11000010;8;11111100
0;00010111;4;11000010;7;11011100
0;00010111;5;11000011;7;11011100
0;00010111;5;11000011;7;11011100
2;01110111;5;11000011;7;11011100
2;01110111;5;11000011;8;11011110
2;01110111;4;01000011;8;11011110
2;01110111;4;01000011;8;11011110
2;01110111;4;01000011;6;11011100
0;01110110;4;01000011;6;11011100
0;01110110;5;01100011;6;11011100
0;01110110;5;01100011;6;11011100
0;01110110;5;01100011;3;11011110
0;01110110;5;01100011;3;11011110
2;11110110;5;01100011;3;11011110
2;11110110;4;00100010;3;11011110
2;11110110;4;00100010;3;11011110
0;01110110;4;00100010;3;11011110
0;01110110;4;00100010;1;11011101
0;01110110;4;00100010;1;11011101
2;00110110;4;00100010;1;11011101
2;00110110;4;00100010;1;11011101
2;00110110;4;00100010;1;11011101
0;00100110;4;00100010;6;10011101
0;00100110;4;00100010;6;10011101
0;00100110;5;00100100;6;10011101
0;00100110;5;00100100;6;10011101
0;00100110;5;00100100;1;11011101
0;00100110;5;00100100;1;11011101
0;00100110;5;00100100;1;11011101
0;00100110;4;00101000;7;01011101
0;00100110;4;00101000;7;01011101
0;00100110;4;00101000;7;01011101
2;00110010;4;00101000;7;01011101
2;00110010;4;00101000;7;01011101
2;00110010;4;00101000;6;00010101
0;00100010;4;00101000;6;00010101
0;00100010;4;00101000;6;00010101
0;00100010;5;11111000;6;00010101
0;00100010;5;11111000;6;00010101
0;00100010;5;11111000;3;10010101
0;00100010;5;11111000;3;10010101
0;00100010;5;11111000;3;10010101
0;00100010;5;11111000;3;10010101
2;00000110;5;11111000;6;11010101
2;00000110;4;11110000;6;11010101
2;00000110;4;11110000;6;11010101
2;00000110;4;11110000;6;11010101
2;00000110;5;11110100;6;11010101
0;00100010;5;11110100;6;11010101
0;00100010;5;11110100;7;11010111
0;00100010;5;11110100;7;11010111
2;00100000;4;01110100;7;11010111
2;00100000;4;01110100;7;11010111
2;00100000;4;01110100;7;11010111
2;00100000;4;01110100;7;11010111
2;00100000;4;01110100;3;01010111
2;00100000;4;01110100;3;01010111
8;00100100;4;01110100;3;01010111
8;00100100;4;01110100;7;01010011
8;00100100;1;01000100;7;01010011
8;00100100;1;01000100;7;01010011
2;00101100;1;01000100;7;01010011
2;00101100;1;01000100;7;01010011
;;;;;
2;10100010;3;11011000;6;11111110
2;10100010;3;11011000;6;11111110
0;10000010;5;11011010;6;11111110
0;10000010;5;11011010;7;11101110
0;10000010;5;11011010;7;11101110
0;10000010;4;11011110;7;11101110
0;10000010;4;11011110;7;11101110
1;10100010;4;11011110;7;11101110
1;10100010;4;11011110;6;11011110
1;10100010;4;11011110;6;11011110
0;11100010;5;11111110;6;11011110
0;11100010;5;11111110;6;11011110
0;11100010;5;11111110;7;11011100
0;11100010;5;11111110;7;11011100
0;11100010;5;11111110;7;11011100
0;11100010;5;11111110;7;11011100
1;11110010;4;10011110;7;11011100
1;11110010;4;10011110;6;10011101
1;11110010;4;10011110;6;10011101
1;11110010;4;10011110;6;10011101
1;11110010;5;10011010;6;10011101
1;11110010;5;10011010;7;10010101
0;11010010;5;10011010;7;10010101
0;11010010;5;10011010;7;10010101
0;11010010;5;10011010;7;10010101
0;11010010;4;10011110;7;10010101
0;11010010;4;10011110;8;10010111
0;11010010;4;10011110;8;10010111
1;11110010;3;10011111;8;10010111
1;11110010;3;10011111;2;10010011
1;11110010;3;10011111;2;10010011
1;11110010;3;10011111;2;10010011
1;11110010;3;10011111;6;10010001
1;11110010;4;10011110;6;10010001
1;11110010;4;10011110;6;10010001
1;11110010;4;10011110;8;10010101
0;11110110;4;10011110;8;10010101
0;11110110;4;10011110;8;10010101
0;11110110;4;10011110;8;10010101
1;11110100;5;10010010;6;10110101
1;11110100;5;10010010;6;10110101
1;11110100;5;10010010;6;10110101
0;11010100;5;10010010;6;10110101
0;11010100;5;10010010;6;10110101
0;11010100;3;10011010;7;10110001
0;11010100;3;10011010;7;10110001
0;11010100;3;10011010;7;10110001
0;11010100;3;10011010;2;10110101
1;01010000;3;10011010;2;10110101
1;01010000;3;10011010;2;10110101
1;01010000;5;10011100;8;11110101
1;01010000;5;10011100;8;11110101
0;01000000;5;10011100;8;11110101
0;01000000;3;00011100;8;11110101
0;01000000;3;00011100;8;11110101
0;01000000;3;00011100;2;11110111
0;01000000;3;00011100;2;11110111
0;01000000;3;00011100;2;11110111
0;01000000;3;00011100;2;11110111
0;01000000;3;00011100;2;11110111
7;01000001;3;00011100;6;01110111
7;01000001;3;00011100;6;01110111
0;01000000;3;00011100;6;01110111
0;01000000;5;00111000;6;01110111
0;01000000;5;00111000;8;11110111
0;01000000;5;00111000;8;11110111
7;01001000;5;00111000;8;11110111
7;01001000;5;00111000;6;01110111
7;01001000;5;00111000;6;01110111
7;01001000;3;10011000;6;01110111
7;01001000;3;10011000;6;01110111
7;01001000;3;10011000;2;01110011
4;01001010;3;10011000;2;01110011
4;01001010;3;10011000;2;01110011
4;01001010;5;11011000;2;01110011
7;00001010;5;11011000;2;01110011
7;00001010;5;11011000;2;01110011
7;00001010;5;11011000;8;01010011
0;01001010;5;11011000;8;01010011
0;01001010;5;11011000;8;01010011
0;01001010;5;11011000;8;01010011
7;01000010;3;11101000;2;01011011
7;01000010;3;11101000;2;01011011
7;01000010;3;11101000;2;01011011
0;11000010;3;11101000;2;01011011
0;11000010;3;11101000;2;01011011
0;11000010;3;11101000;6;01111011
0;11000010;3;11101000;6;01111011
0;11000010;3;11101000;6;01111011
0;11000010;5;10001000;6;01111011
4;11000011;5;10001000;8;01111001
4;11000011;5;10001000;8;01111001
4;11000011;5;10001000;8;01111001
4;11000011;3;10000000;8;01111001
0;11001011;3;10000000;6;01111011
0;11001011;3;10000000;6;01111011
0;11001011;3;10000000;6;01111011
1;11101011;3;10000000;6;01111011
1;11101011;3;10000000;6;01111011
1;11101011;3;10000000;6;01111011
;;;;;
1;00010100;5;00001100;6;00001101
1;00010100;5;00001100;6;00001101
2;00110100;3;00101100;8;00001100
2;00110100;3;00101100;8;00001100
2;00110100;3;00101100;8;00001100
2;00110100;4;00101101;6;00000100
2;00110100;4;00101101;6;00000100
1;00011100;4;00101101;6;00000100
1;00011100;5;00101111;6;00000100
1;00011100;5;00101111;8;00001100
1;00011100;5;00101111;8;00001100
1;00011100;5;00101111;8;00001100
1;00011100;4;00101011;6;00000100
0;01011101;4;00101011;6;00000100
0;01011101;4;00101011;6;00000100
0;01011101;3;00101010;7;10000100
2;01011001;3;00101010;7;10000100
2;01011001;3;00101010;7;10000100
2;01011001;5;00001010;6;11000100
2;01011001;5;00001010;6;11000100
0;01010001;5;00001010;6;11000100
0;01010001;4;00101010;7;11001100
0;01010001;4;00101010;7;11001100
0;01010001;4;00101010;7;11001100
0;01010001;4;00101010;7;11001100
0;01010001;4;00101010;7;11001100
1;01011101;3;00100010;8;11000100
1;01011101;3;00100010;8;11000100
1;01011101;3;00100010;8;11000100
1;01011101;3;00100010;6;11100100
2;01011111;3;00100010;6;11100100
2;01011111;3;00100010;6;11100100
2;01011111;4;10100010;6;11100100
2;01011111;4;10100010;6;11100100
0;01011110;4;10100010;6;11100100
0;01011110;4;10100010;7;10100100
0;01011110;4;10100010;7;10100100
1;01011111;3;10010010;7;10100100
1;01011111;3;10010010;7;10100100
1;01011111;3;10010010;6;00100100
0;01011110;3;10010010;6;00100100
0;01011110;3;10010010;6;00100100
0;01011110;4;10010110;6;00100100
1;01011111;4;10010110;6;00100100
1;01011111;4;10010110;6;00100100
1;01011111;3;10010111;6;00100100
1;01011111;3;10010111;6;00100100
1;01011111;3;10010111;7;00100000
1;01011111;5;10010011;7;00100000
1;01011111;5;10010011;7;00100000
1;01011111;5;10010011;6;01100000
1;01011111;5;10010011;6;01100000
2;00101111;5;10010011;6;01100000
2;00101111;5;10010011;7;01000000
2;00101111;3;10000111;7;01000000
1;00111111;3;10000111;7;01000000
1;00111111;3;10000111;7;01000000
1;00111111;5;10000101;7;01000000
2;10111111;5;10000101;7;01000000
2;10111111;5;10000101;8;01000001
2;10111111;5;10000101;8;01000001
1;11111111;4;10001101;8;01000001
1;11111111;4;10001101;7;00000001
1;11111111;4;10001101;7;00000001
1;11111111;4;10001101;7;00000001
1;11111111;4;10001101;8;00000000
1;11111111;5;10001111;8;00000000
2;10111111;5;10001111;8;00000000
2;10111111;5;10001111;8;00000000
2;10111111;5;10001111;0;00000001
2;10111111;5;10001111;0;00000001
2;10111111;4;10000101;0;00000001
2;10111111;4;10000101;8;00100001
2;10111111;4;10000101;8;00100001
2;10111111;5;10001101;8;00100001
2;10111111;5;10001101;8;00100001
1;10110011;5;10001101;0;00101001
1;10110011;5;10001101;0;00101001
1;10110011;5;10001101;0;00101001
1;10110011;5;10001101;0;00101001
1;10110011;4;10011111;0;00101001
1;10110011;4;10011111;0;00101001
1;10110011;4;10011111;0;00101001
7;10110010;5;10011101;0;00101001
7;10110010;5;10011101;0;00101001
7;10110010;5;10011101;6;01111011
7;10110010;4;10010101;6;01111011
7;10110010;4;10010101;8;01110011
7;10110010;4;10010101;8;01110011
1;10110001;4;10010101;8;01110011
1;10110001;4;10010101;0;01010011
1;10110001;4;10010101;0;01010011
1;10110001;4;10010101;0;01010011
1;10110001;2;11000101;8;11010011
1;10110001;2;11000101;8;11010011
1;10110001;2;11000101;8;11010011
1;10110001;2;11000101;8;11010011
7;00111011;4;10000101;6;11010001
7;00111011;4;10000101;6;11010001
7;00111011;4;10000101;6;11010001
;;;;;
2;10101000;3;01001100;7;00101100
2;10101000;3;01001100;7;00101100
2;10101000;5;01001110;7;00101100
2;10101000;5;01001110;7;00101100
2;10101000;5;01001110;7;00101100
2;10101000;5;01001110;6;00101000
2;10101000;3;01101110;6;00101000
2;10101000;3;01101110;6;00101000
1;00001100;3;01101110;6;00101000
1;00001100;3;01101110;6;00101000
1;00001100;4;11101110;6;00101000
1;00001100;4;11101110;0;00101001
1;00001100;4;11101110;0;00101001
1;00001100;4;11101110;0;00101001
1;00001100;3;01101110;6;00111001
2;00000000;3;01101110;6;00111001
2;00000000;3;01101110;6;00111001
2;00000000;3;01101110;6;00111001
2;00000000;3;01101110;6;00111001
2;00000000;3;01101110;7;00111000
1;00000100;5;11101110;7;00111000
1;00000100;5;11101110;7;00111000
1;00000100;5;11101110;7;00111000
1;00000100;3;01101110;7;00111000
1;00000100;3;01101110;6;00111101
1;00000100;3;01101110;6;00111101
1;00000100;3;01101110;6;00111101
2;00001000;8;01101010;6;00111101
2;00001000;8;01101010;6;00111101
2;00001000;8;01101010;6;00111101
2;00001000;8;01101010;7;10101101
2;00001000;8;01101010;7;10101101
2;00001000;8;01101010;7;10101101
2;00001000;3;00101010;6;10101111
2;00001000;3;00101010;6;10101111
2;00001000;3;00101010;6;10101111
1;10000000;5;01101010;7;10101110
1;10000000;5;01101010;7;10101110
1;10000000;5;01101010;7;10101110
1;10000000;3;00101010;6;10001110
1;10000000;3;00101010;6;10001110
1;10000000;3;00101010;6;10001110
2;00000100;3;00101010;6;10001110
2;00000100;3;00101010;6;10001110
2;00000100;8;00101110;4;10001111
2;00000100;8;00101110;4;10001111
1;00000000;8;00101110;4;10001111
1;00000000;8;00101110;4;10001111
1;00000000;8;00101110;0;00001111
1;00000000;8;00101110;0;00001111
1;00000000;3;10101110;4;10001111
1;00000000;3;10101110;4;10001111
1;00000000;3;10101110;4;10001111
1;00000000;3;10101110;0;00001111
2;00000100;3;10101110;0;00001111
2;00000100;3;10101110;0;00001111
2;00000100;8;11101111;7;00001101
1;00000000;8;11101111;7;00001101
1;00000000;8;11101111;7;00001101
1;00000000;8;11101111;5;00001111
2;01000000;8;11101111;5;00001111
2;01000000;8;11101111;5;00001111
2;01000000;3;01101101;4;00001110
2;01000000;3;01101101;4;00001110
2;01000000;3;01101101;4;00001110
2;01000000;8;11101101;7;00101110
2;01000000;8;11101101;7;00101110
1;11100000;8;11101101;7;00101110
1;11100000;8;11101101;6;00101111
1;11100000;8;11101101;6;00101111
1;11100000;8;11101101;6;00101111
2;11101000;8;11101101;6;00101111
2;11101000;3;11001101;6;00101111
2;11101000;3;11001101;6;00101111
2;11101000;3;11001101;6;00101111
2;11101000;3;11001101;4;00100111
2;11101000;3;11001101;4;00100111
1;11101010;3;11001101;4;00100111
1;11101010;8;01001100;4;00100111
1;11101010;8;01001100;6;00101111
1;11101010;8;01001100;6;00101111
2;11101011;8;01001100;6;00101111
2;11101011;8;01001100;7;10101111
2;11101011;8;01001100;7;10101111
2;11101011;3;01010100;7;10101111
2;11101011;3;01010100;6;10101101
1;10101001;3;01010100;6;10101101
1;10101001;3;01010100;6;10101101
1;10101001;3;01010100;7;10111101
1;10101001;3;01010100;7;10111101
1;10101001;3;01010100;7;10111101
1;10101001;3;01010100;7;10111101
2;10101010;3;01010100;0;10101101
2;10101010;8;11011100;0;10101101
2;10101010;8;11011100;0;10101101
2;10101010;8;11011100;7;10101111
2;10101010;3;11001100;7;10101111
1;00101000;3;11001100;7;10101111
1;00101000;3;11001100;4;10001111
1;00101000;3;11001100;4;10001111
;;;;;
2;00010011;3;10010110;6;11101000
2;00010011;3;10010110;6;11101000
2;00010011;3;10010110;6;11101000
1;00010010;4;10011110;6;11101000
1;00010010;4;10011110;6;11101000
1;00010010;4;10011110;6;11101000
2;00110010;3;00011110;6;11101000
2;00110010;3;00011110;7;10101110
2;00110010;3;00011110;7;10101110
0;10110010;4;10011110;7;10101110
0;10110010;4;10011110;8;10111110
0;10110010;4;10011110;8;10111110
0;10110010;4;10011110;8;10111110
0;10110010;4;10011110;8;10111110
0;10110010;3;10111111;6;10101110
0;10110010;3;10111111;6;10101110
2;11111010;3;10111111;6;10101110
2;11111010;3;10111111;8;10111110
2;11111010;3;10111111;8;10111110
2;11111010;5;10111110;8;10111110
2;11111010;5;10111110;8;10111110
1;10111011;5;10111110;6;10101110
1;10111011;3;10111100;6;10101110
1;10111011;3;10111100;6;10101110
1;10111011;3;10111100;7;10101010
1;10111011;3;10111100;7;10101010
0;10111101;3;10111100;7;10101010
0;10111101;3;10111100;6;10111010
0;10111101;5;10111110;6;10111010
1;10011101;5;10111110;6;10111010
1;10011101;5;10111110;6;10111010
1;10011101;5;10111110;7;10111011
1;10011101;5;10111110;7;10111011
2;10010101;5;10111110;7;10111011
2;10010101;5;10111110;8;11111011
2;10010101;4;10111010;8;11111011
1;10010100;4;10111010;8;11111011
1;10010100;4;10111010;6;11011011
1;10010100;5;10110010;6;11011011
1;10010100;5;10110010;6;11011011
1;10010100;5;10110010;6;11011011
1;10010100;5;10110010;6;11011011
1;10010100;5;10110010;6;11011011
2;10000110;4;10000010;7;11011010
2;10000110;4;10000010;7;11011010
2;10000110;4;10000010;7;11011010
2;10000110;4;10000010;7;11011010
2;10000110;4;10000010;7;11011010
1;10000111;4;10000010;7;11011010
1;10000111;4;10000010;7;11011010
1;10000111;4;10000010;7;11011010
1;10000111;5;11000110;7;11011010
1;10000111;5;11000110;7;11011010
1;10000111;5;11000110;8;00011010
1;10000111;4;11000010;8;00011010
1;10000111;4;11000010;8;00011010
1;10000111;4;11000010;8;00011010
2;10001110;4;11000010;8;00011010
2;10001110;4;11000010;8;00011010
2;10001110;4;11000010;6;00011100
2;10001110;5;11000100;6;00011100
1;10001111;5;11000100;6;00011100
1;10001111;5;11000100;7;00011000
1;10001111;5;11000100;7;00011000
1;10001111;4;11100100;7;00011000
1;10001111;4;11100100;7;00011000
1;10001111;4;11100100;7;00011000
0;10101011;4;11100100;7;00011000
0;10101011;4;11100100;7;00011000
0;10101011;5;11100000;6;00101000
0;10101011;5;11100000;6;00101000
0;10101011;5;11100000;6;00101000
1;10101010;5;11100000;6;00101000
1;10101010;5;11100000;6;00101000
1;10101010;5;11100000;6;00101000
1;10101010;4;11101100;6;00101000
2;11101010;4;11101100;6;00101000
2;11101010;4;11101100;7;00011000
2;11101010;5;10101100;7;00011000
2;11101010;5;10101100;7;00011000
2;11101010;5;10101100;8;00111000
1;11101000;5;10101100;8;00111000
1;11101000;5;10101100;8;00111000
1;11101000;5;10101100;8;00111000
0;11100000;5;10101100;8;00111000
0;11100000;5;10101100;8;00111000
0;11100000;5;10101100;7;00111001
3;10100000;5;10101100;7;00111001
3;10100000;4;10001110;7;00111001
3;10100000;4;10001110;7;00111001
0;10100100;4;10001110;7;00111001
0;10100100;4;10001110;6;00111101
0;10100100;4;10001110;6;00111101
0;10100100;4;10001110;6;00111101
3;10100110;2;10000010;6;00111101
3;10100110;2;10000010;6;00111101
3;10100110;2;10000010;8;00111111
3;10100110;2;10000010;8;00111111
3;10100110;4;10100010;8;00111111
1;10000110;4;10100010;8;00111111
;;;;;
2;11110111;4;10001010;7;10001101
2;11110111;4;10001010;7;10001101
2;11110111;4;10001010;7;10001101
2;11110111;4;10001010;8;10011101
2;11110111;4;10001010;8;10011101
2;11110111;3;00001010;8;10011101
0;11110110;3;00001010;6;10011111
0;11110110;3;00001010;6;10011111
0;11110110;4;00001110;6;10011111
0;11110110;4;00001110;6;10011111
0;11110110;4;00001110;7;10010111
0;11110110;4;00001110;7;10010111
2;11111110;5;00011110;7;10010111
2;11111110;5;00011110;7;10010111
2;11111110;5;00011110;7;10010111
2;11111110;5;00011110;7;10010111
2;11111110;5;00011110;6;10010101
0;01111100;3;00011100;6;10010101
0;01111100;3;00011100;6;10010101
0;01111100;3;00011100;6;10010101
0;01111100;1;00001100;6;10010101
0;01111100;1;00001100;6;10010101
0;01111100;1;00001100;6;10010101
2;01101100;1;00001100;7;10000101
2;01101100;3;00000100;7;10000101
2;01101100;3;00000100;7;10000101
0;01111100;3;00000100;7;10000101
0;01111100;3;00000100;7;10000101
0;01111100;3;00000100;6;10000001
0;01111100;3;00000100;6;10000001
0;01111100;5;00100101;6;10000001
2;00111100;5;00100101;6;10000001
2;00111100;5;00100101;6;10000001
2;00111100;5;00100101;6;10000001
2;00111100;5;00100101;7;10000101
2;00111100;5;00100101;7;10000101
2;00111100;1;00101101;7;10000101
2;00111100;1;00101101;6;11000101
2;00111100;1;00101101;6;11000101
2;00111100;1;00101101;6;11000101
0;11011100;5;00101100;7;11100101
0;11011100;5;00101100;7;11100101
0;11011100;5;00101100;7;11100101
0;11011100;1;00101101;7;11100101
0;11011100;1;00101101;7;11100101
2;11010100;1;00101101;6;11000101
2;11010100;3;00100101;6;11000101
2;11010100;3;00100101;6;11000101
2;11010100;3;00100101;7;11000001
2;11010100;3;00100101;7;11000001
0;10010100;3;00100101;7;11000001
0;10010100;3;00100101;4;11000000
0;10010100;5;00100110;4;11000000
0;10010100;5;00100110;4;11000000
0;10010100;5;00100110;7;11000001
8;00010100;5;00100110;7;11000001
8;00010100;5;00100110;7;11000001
8;00010100;3;10100010;7;11000001
8;00010100;3;10100010;7;11000001
2;00011100;3;10100010;7;11000001
2;00011100;5;10100110;4;11001001
2;00011100;5;10100110;4;11001001
0;00001100;5;10100110;4;11001001
0;00001100;3;10100010;4;11001001
0;00001100;3;10100010;4;11001001
0;00001100;3;10100010;4;11001001
0;00001100;3;10100010;4;11001001
0;00001100;3;10100010;4;11001001
8;00000100;3;10100010;7;11000001
8;00000100;1;10101000;7;11000001
8;00000100;1;10101000;7;11000001
2;00010100;1;10101000;7;11000001
2;00010100;1;10101000;7;11000001
2;00010100;1;10101000;4;01000001
2;00010100;1;10101000;4;01000001
2;00010100;1;10101000;4;01000001
0;00010110;3;11001000;4;01000001
0;00010110;3;11001000;7;00000001
0;00010110;3;11001000;7;00000001
2;00010100;3;11001000;7;00000001
2;00010100;1;10001000;4;00000101
2;00010100;1;10001000;4;00000101
0;01010100;1;10001000;4;00000101
0;01010100;1;10001000;4;00000101
0;01010100;1;10001000;4;00000101
0;01010100;1;10001000;4;00000101
0;01010100;1;10001000;5;00000111
0;01010100;1;10001000;5;00000111
6;00010110;1;10001000;5;00000111
6;00010110;1;10001000;5;00000111
6;00010110;1;10001000;5;00000111
2;01010110;3;00001001;5;00000111
2;01010110;3;00001001;5;00000111
2;01010110;3;00001001;5;00000111
2;01010110;3;00001001;7;01100101
2;01010110;3;00001001;7;01100101
2;01010110;3;00001001;7;01100101
8;01010100;3;00001001;7;01100101
8;01010100;1;01001001;7;01100101
8;01010100;1;01001001;7;01100101
;;;;;
